path,sha256,bytes
".gitignore","7d1800fcdae43e4a4c366b8d1527b75377a677dd16535ac19f362f0e8af5e2e5","95"
"app/Dockerfile","6e74d1c5429d489887c1a90f3c79cdcea4a3ac7cbfe5af15836e8ce4738bfcc8","141"
"app/server.mjs","3428c427e587103877b4c690223229e5962416c190b82d2e2288aff5d22bd389","7540"
"compose.yaml","c9ba4ea2c265ac5d8b1033450c75576ab7206a246b68306b73958c1ff51d0a9e","747"
"EXPERIMENT_RESULTS.md","55641f45715699d1a36696a3efb13eef694bfb6b4b57b381d24f84807cdb2520","5104"
"figures/connection-count.svg","1df2a9a7a5c5d9c643e519994cd93b9e34cc1ae1806dd5be36c79fc7b798c436","12508"
"figures/lcp-distribution.svg","12968aa4365606c4ab958a7e7ff8feb350d758fc0ae45d5c07a71abd45c6af83","12626"
"figures/load-distribution.svg","d1f107f2ab92bc0806cecb8aef24b01241a36919ada4cb5b17aeda853edb55c3","12509"
"figures/paired-load-difference.svg","87e8ce31e31329afd8102e413fcd200b6c7ffb0ab23de8cc9c7a0bda74f0edcb","6910"
"figures/paper-block-rounds.pdf","a6a01727e8be6837f1829c54aa7775ee421d0bb67099fea208f2099bd691b1dc","41134"
"figures/paper-block-rounds.png","0d16c14652be5089ceb89c107ec4a88495a045635aadb6ea6a1e8b3374cb4aa3","119135"
"figures/paper-main-results.pdf","6b943c93cf7bc2bbe7d6cf27ca1b08c74568555b5d4cf36f5de5968ac672b2f1","52514"
"figures/paper-main-results.png","a4c88ebd3569c512bd94f9e6c091787db3d72e6ead196d45fcd5c7c27e077531","91653"
"figures/paper-paired-rounds.pdf","4aca4a8f9eaca4db7a0a46e4f40f509956dc04ae9aa4211b5405b7d570f16049","38647"
"figures/paper-paired-rounds.png","6c05095fdfbfa90b07297576cfc309aa2aca14e15e5327a1db18531d64b30e55","102365"
"figures/paper-results-combined.pdf","723aa237cde2b00ec300b8490823daf29c3b18e7509a83de1c931d9357486f03","58752"
"figures/paper-results-combined.png","6fa5ad6ec119078d1c6fdbfcbf8f5b362fb1e6854e90a56ba4fa4bef81b1cf47","131149"
"figures/resource-span-distribution.svg","7e6b91c7c10ed6fd887fe222efa38e2c7a0027fa4aa35549afd6c896c9f7e230","12589"
"har/h1-representative.har","0aba89629859d727d8bcc72349002c508c22089dda781d77530a74ea6ebc7f69","82921"
"har/h2-representative.har","25115a85a61e079ed962236909eeb9f1f45f7c9cfec45aa813f7872b5edadc12","85619"
"har/tri-2026-09-28T09-13-29-570Z-h1-representative.har","8b839168dec392d6b455b5a0ad43890c39a01bbb098a32efa83c5da0f982d1a7","83418"
"har/tri-2026-09-28T09-13-29-570Z-h2-representative.har","c8fe511f19a5b5fd74e1d4a39dcec30b6d8e5126a37b519b281f1042f0925f38","86373"
"har/tri-2026-09-28T09-13-29-570Z-h3-representative.har","aea6be09e3aa9ff49b0dd9628fc89f2e1d2128bb04dd3e2aee7708ea65685189","87360"
"logs/artifact-inventory.txt","2f40e7379ee7e50ce0781188db91f8585d233c400b16d10dc1edecd60f2f56a5","879"
"logs/cdp-smoke.json","651b4f094c2bc155e27f1a8543dd88783f20ab342c31a6d419211ecf482544c9","959969"
"logs/certificate-info.txt","d5ca3bc1ec424dd39f4310d66a3b04a2040421bf03f181b53fb1f347b97856f6","195"
"logs/checksum-full-verification.txt","270e0903bee429ea47e050d7ceca5bb0e15c8d8dadf2bc81ec58f8c6bafdc6cd","91"
"logs/checksum-spot-check.txt","39cbebf32ab8cc54d5ae6aff8b6a176f68f8e2e27f2fa52ef77b21f2f334030b","461"
"logs/compose-images.txt","c14f21e7cdcbb0fcae441c2413018ad15c8bccb08f8891e40904f9b3d36a231e","469"
"logs/compose-logs.txt","aa050d88bc6f8ce42ccaafdc4f137f5e9133462753beb5ff2d639a5963c48015","3324375"
"logs/compose-ps-after-down.txt","265060327eb7684dab435b79e192cda72391fd049bec1219da885403b87effec","67"
"logs/compose-ps.txt","9a7ee6dbea6a11bc03cb9f5601ac6e2d170b669e986e23d1254637baf6f6b62f","474"
"logs/container-inspect.json","c28b24ef1d03b4369c87c91cb7427b9d4dad449d8955a6cce9e5b41f81b8b8ed","21475"
"logs/devtools-capture/capture-manifest.json","f62d7f39486d190db75e3e03cbb0f9f5b09796e96513957916f94e0e33422179","2248"
"logs/devtools-capture/h1-chrome.log","08a239ca2f7fb97126d63bdf61916d62f5aa85de3bbdf25f5c47c683c4bbf33b","244"
"logs/devtools-capture/h2-chrome.log","946d83adb4de8be7e708550ff8997c08585f42bfadee3fd7f2543acb9c95e007","243"
"logs/devtools-capture/h3-default-chrome.log","a2fb91f9c7763c4ffdbed3e2dc6d176396f8dc37528e4724213eeb2fbd01923c","244"
"logs/devtools-capture/h3-disabled-chrome.log","f8899259e6838baec7fdd65d0ab7367d546a85dfc0e3cf863af1ef98b5a16a00","244"
"logs/devtools-capture/h3-local-chrome.log","64361120581b4489f7a143ce0d6f457bfce9bec4aafa59124587f52871bc410c","822"
"logs/devtools-capture/public-chrome.log","8a305e2734fdbfb908cf3c4215c1dd3816cbee892d6676556fb04e1b78b38a0f","242"
"logs/environment.txt","30ecc7f121175ef46ec8f523de4e5bc8af2f94b8b9dc1cfa8394ad9ea88d9237","1558"
"logs/final-verification.txt","6529b2575f4fd901c9dfb6b827d9ffce9bee968849dac487643b5b8ef66cc15d","2403"
"logs/host-conditions.txt","f7c515b6bc6c147b663d79e14ec08664c165379c0e1b1d4df99c63d160ca972f","443"
"logs/manuscript-untouched-check.txt","78c5b2c86ec056a9f7905da84b3db609553867a6d741e8c865d2fdf9f43a1cbe","1055"
"logs/netlog-sanitization.json","ea0d50269314025ddf48e8e4f0c80721bfc18fbdf817e2b7b28f1f1a6ffea2d4","340"
"logs/nginx-config.txt","15ce956bba1ebb3866d055dfcfffa3bc076a2714815d7ff68525aac0f5c25a75","7670"
"logs/privacy-audit.json","6428ca831c0d436be05751d12bd1538ad3c1ebc7108a4af0cc4417527bf8ce9e","2345"
"logs/run-log.ndjson","1d29d1976312437d399d4250a94dbb81367db4e0fdb1adc7d229cd6c83aac276","16854"
"logs/run-order.json","209caa0fd961cb262dd9c78c1dd175243bc060d51b4ad26a24b29febe9f0b5f6","2693"
"logs/tri-2026-09-28T09-13-29-570Z-run-log.ndjson","430ed886ffa8a28dbf7b5ec884114be8ba7a1940150ad75e98a16fed6ae3edcf","30475"
"logs/tri-protocol-compose-logs.txt","421e9631a36c8f1e82603b26859339aca2cf37055f3dffe781fbdcede4de6abe","3354992"
"logs/tri-protocol-compose-ps.txt","f3cef77f1a88375aeb2f9324160edb0e3bbdf88e5acc6414f54572720fa7e401","501"
"logs/tri-protocol-nginx-config.txt","210a6439bb073ad9d65f481f3b258fa2a067f097f96964320bab1c8f61527f74","8109"
"logs/tri-protocol-run-order.json","9702ea994f3aaa4a760f449aa3b4f0b4e62be6fd5f3514ab42407b75cc149a85","4028"
"netlog/2026-09-25T05-18-20-770Z-default.json","3898c6c23978a54d8eb73cf257b81c45e0bf1307f5073b7a864d6f271c634781","851395"
"netlog/2026-09-25T05-18-33-942Z-quic-disabled.json","0ca0e259b6fe773d5a402b63aa3b593c53fa172177fbbcebc1c30b0f0ffcb8ee","598986"
"netlog/2026-09-28T08-59-36-384Z-local-h3.json","dd2a04106886fce1c2b1d77f89e7d16eedb20e2208d486495da23700f5497ef8","597828"
"netlog/tri-2026-09-28T09-13-29-570Z.json","f46372a3e225af76fd5b62c3b261e9484dbbf00aebc20426f5eab555808523af","54096571"
"nginx/certs/.gitkeep","01ba4719c80b6fe911b091a7c05124b64eeece964e09c058ef8f9805daca546b","1"
"nginx/nginx.conf","7af06450dcfe34963db5f2b1fc6352f5f5b0bfa29d42126420a609252bbf1306","2537"
"package-lock.json","5626a756c3d6933af2992f746dd807978fc913ceadae0e6f8e1eb4cefc4368fa","1270"
"package.json","6c32b9f434cf88c5f971802b26f50248e9df986a14be34339617b6201dc536af","1654"
"processed/block-differences.csv","56324466b29ecb9275e4b889c20d201a57dbcba3ac38f4f192bf5b692e559d69","31161"
"processed/h3-netlog-summary.json","b3807384533fb1c113beba5316cbeaa8572b67c1e97d333071da251edff93b34","4360"
"processed/paired-differences.csv","894398f0a15c576c13804db1e5eb6670cb530ca5e431f57648376c1a8a8f4795","14374"
"processed/requests.csv","bd7c133a51ebc76bdc674447d89002d69045eb585c65b939406ca70a68a4e64c","678244"
"processed/runs.csv","ea2a01d9f4643137b09b8372120c11b4f43372b335c1bfab0cc548e895b283b9","16203"
"processed/server-concurrency-summary.json","e056060ff7976b5e8f24d9bc94a370d1cb85b7025fde5dc40da324750f41a89f","74877"
"processed/summary.csv","9a988a2507876b01f2a11a99ebe05cbfdf09c8138eb996c6f20cce45c2412d6e","7328"
"processed/summary.json","5afedffe5eafb8f544092fd8a0eec5eaccb9d74ff5b5f0f2dfcc1261dd16026d","136868"
"raw/h1/2026-09-25T05-16-55-388Z_h1_pair01_order1.json","c1441f6e40ab4df8b8d352d0e816d13d0395ba123291e96a2c2e207358c43b08","106444"
"raw/h1/2026-09-25T05-16-57-590Z_h1_pair02_order1.json","b208102c23dbe575968caeea338fb88cc71d43e74284dd19f0695ed16eef707f","106305"
"raw/h1/2026-09-25T05-17-00-512Z_h1_pair03_order2.json","1e9d2a64d6a9b12e950e16880dcaee37ee005289c4f78c3e29059fbc36016b96","106179"
"raw/h1/2026-09-25T05-17-01-702Z_h1_pair04_order1.json","811d7904ad5600e7443c26987ad364d095eab0e1e68027827f9e4058d483d865","106404"
"raw/h1/2026-09-25T05-17-04-627Z_h1_pair05_order2.json","0a7534305bcc515bda0c3425513462c1cc5e403ac52ef43f8d0bae495b992f29","106435"
"raw/h1/2026-09-25T05-17-05-807Z_h1_pair06_order1.json","340b6b0741ffcd52a2d92a9ac4de34d4ad421130394469678c7a86c3408841f5","106334"
"raw/h1/2026-09-25T05-17-07-850Z_h1_pair07_order1.json","90c54c16efa76e6fd3a20de570b41c4eb934453ca07f722bdc74a73116ed2b23","106498"
"raw/h1/2026-09-25T05-17-09-901Z_h1_pair08_order1.json","75e6621b8440d1334ef752c266a62e6eb3a7f55663ccf87101eb52b0df6ac3f8","106260"
"raw/h1/2026-09-25T05-17-11-946Z_h1_pair09_order1.json","a67339745acea4e29c43b4f5186b0be16cced83a093d678514ebbffd4ee08a84","106555"
"raw/h1/2026-09-25T05-17-14-877Z_h1_pair10_order2.json","8ca7c0fa9def5e0181a4f61cdc009d664edac20cb73abd1833a6a1aac4eca428","106375"
"raw/h1/2026-09-25T05-17-16-919Z_h1_pair11_order2.json","823738913b779a17689fc2896f6b390ccb45d16d73ee96c10dd722c3e6727031","106427"
"raw/h1/2026-09-25T05-17-18-100Z_h1_pair12_order1.json","0eed7a9b1c2cf73ced456388acce4d57082f879c8e2c43b6576675ee900ef4c7","106423"
"raw/h1/2026-09-25T05-17-20-147Z_h1_pair13_order1.json","78307182a358300e677abde99179559a8e3b257573b9850b6c30b7eaf1bc10fa","106326"
"raw/h1/2026-09-25T05-17-22-191Z_h1_pair14_order1.json","9a2dad383820852b7c5310f90aeac726f09ae4478057a4100a187641ba4c2625","106146"
"raw/h1/2026-09-25T05-17-25-151Z_h1_pair15_order2.json","c4a7a2e53fa52508674c0467cdec4038d6b9c9f64ca46e408bcd32253ecb2200","106564"
"raw/h1/2026-09-25T05-17-27-215Z_h1_pair16_order2.json","5d1575fa61c6e884c5a803d8b761cb7578e73c256eb752e1cb3d09ec09a074c1","106268"
"raw/h1/2026-09-25T05-17-28-378Z_h1_pair17_order1.json","e6227cc38345cbfef6e6b1df70b81670add33e04859615b50a7f5b299bd1b9b6","106180"
"raw/h1/2026-09-25T05-17-30-428Z_h1_pair18_order1.json","3e25ef67968936a7866e0521efb968326c83ddcdf86904d3196116d095bdbc10","106378"
"raw/h1/2026-09-25T05-17-33-349Z_h1_pair19_order2.json","71c34d6292acc356afdefcb70ddb5f47520f416cf9134d05868656e5c107f519","106332"
"raw/h1/2026-09-25T05-17-34-531Z_h1_pair20_order1.json","f785f2e165fbf62ea16234807da2611e499e0a17cb588bdd7027ba8ad850e1e5","106411"
"raw/h1/2026-09-25T05-17-36-592Z_h1_pair21_order1.json","2843ff4e89114a0723e7b127934ca6d44f6cfbca8c79c077263d61a2f9b9417b","106338"
"raw/h1/2026-09-25T05-17-38-644Z_h1_pair22_order1.json","e7036fc27464649e9421f2b149dc226ad08e600754e231e4a93b86eacbc0a6c9","106459"
"raw/h1/2026-09-25T05-17-41-568Z_h1_pair23_order2.json","54047542ab455073b0a5c7bb2dac55966918d8827b48c27a66e369286d46c8b3","106396"
"raw/h1/2026-09-25T05-17-43-074Z_h1_pair24_order1.json","1d05127d2cf4679882c49b2b8a80e98a165e2dce983517cb91b7aac78fdfa77f","106503"
"raw/h1/2026-09-25T05-17-46-568Z_h1_pair25_order2.json","0d9ca4890000550a63b9b9069ab4a0eaad5132801ca40665640bb5b380cb5551","106501"
"raw/h1/2026-09-25T05-17-47-891Z_h1_pair26_order1.json","fabb110ba5023b43bc71855c4bb75c9522bb603cf6bd0648fff8003f4f02d810","106471"
"raw/h1/2026-09-25T05-17-49-956Z_h1_pair27_order1.json","bb20ff8715bbb21760df8f54e4f8d6245d5733ce64cad6bdb26a6b4edfb6780b","106354"
"raw/h1/2026-09-25T05-17-52-869Z_h1_pair28_order2.json","bbfd1c3a22aa52a310d169fa142f574103fafb34782a8ab1c1d1728835f58c74","106294"
"raw/h1/2026-09-25T05-17-54-911Z_h1_pair29_order2.json","0463bfa2404a16fcd3f93aee66fb274afaf1328f1f4af71947a48c43abc0f26a","106513"
"raw/h1/2026-09-25T05-17-56-965Z_h1_pair30_order2.json","4e9754b474a7b1187283d36a56146fbc91b425b0b34fc57f4c9e387340a325af","106369"
"raw/h2/2026-09-25T05-16-56-644Z_h2_pair01_order2.json","77932bd629b082b0df7cd8e05ab1f346351480a76fa5a79914f41356c703d9d5","100268"
"raw/h2/2026-09-25T05-16-58-761Z_h2_pair02_order2.json","e3f7c6138de4cefd057941d80c9e5717c943ffbc3de8bd0846e695f17f9dd8f8","100035"
"raw/h2/2026-09-25T05-16-59-631Z_h2_pair03_order1.json","603e91aff2993af6b6ff91e5f62e1348f751ee55a56bfc1f4c44e84eb4e28fee","100150"
"raw/h2/2026-09-25T05-17-02-883Z_h2_pair04_order2.json","5d4190c5361549bb207e95bbbd620ab89605e7b316575680cef76d1e8271c5c3","100194"
"raw/h2/2026-09-25T05-17-03-759Z_h2_pair05_order1.json","b28e3734ff72ab1912af8f47ce4638c9e3c852bf45f5467dd10159a307e344ea","100093"
"raw/h2/2026-09-25T05-17-06-971Z_h2_pair06_order2.json","5f449db6a602174051a2f1c03c62b016ccbfbb3b0a8846e388965eefd20db7ec","100255"
"raw/h2/2026-09-25T05-17-09-033Z_h2_pair07_order2.json","8c27d1df508d0a7a400df5f14cdeb1350460138daf18a848ba98bbb0d39eb0de","100122"
"raw/h2/2026-09-25T05-17-11-079Z_h2_pair08_order2.json","3b99e252d7fda64241406b7781f5ddf075138515db5ade066bef9182caffa4fa","100053"
"raw/h2/2026-09-25T05-17-13-129Z_h2_pair09_order2.json","0f94a5b8176bd5ea462e4242dc1bbb41bc89989524540ff4fbb57c1e11e05922","100238"
"raw/h2/2026-09-25T05-17-14-008Z_h2_pair10_order1.json","fb994a820b7b42e80da56544c8aa421519dba90e62d64097b650662c35945826","100170"
"raw/h2/2026-09-25T05-17-16-054Z_h2_pair11_order1.json","1edd45bda8f1b009f8fab73d27534aa3e095563f78995a95e4bdd9e126643cab","100185"
"raw/h2/2026-09-25T05-17-19-281Z_h2_pair12_order2.json","b0f78d9f5e1baf2789e9bb21f2a4ce7707cec2d3a2583e474908ba6ee2561998","100233"
"raw/h2/2026-09-25T05-17-21-322Z_h2_pair13_order2.json","958bded1b3871904354d01e4c25bf87f8ea0ff0205e615288135de4dccc99425","100341"
"raw/h2/2026-09-25T05-17-23-373Z_h2_pair14_order2.json","b433b185b81b531dc90fde527a188cbf41c767e75de8271b21a1fbf74a2358e5","100245"
"raw/h2/2026-09-25T05-17-24-273Z_h2_pair15_order1.json","1aea7796e64ff551349e8ffbb0771447da9765ebc77fabd2439183c2f44b4e43","100289"
"raw/h2/2026-09-25T05-17-26-331Z_h2_pair16_order1.json","9e613d1f5985e0cb242a208e23a7e3506f083611e697b1b692da25aefcc9c90c","100182"
"raw/h2/2026-09-25T05-17-29-558Z_h2_pair17_order2.json","3a28ea34f0ba9189f9133d5f8ef61f45a8f252ea4144dd178e25ea552066bdb7","100409"
"raw/h2/2026-09-25T05-17-31-601Z_h2_pair18_order2.json","fd3b68628ee0efffb63a06c26c04c6a9d66116f93429b2a7c4b326d66c7714ff","100138"
"raw/h2/2026-09-25T05-17-32-478Z_h2_pair19_order1.json","bfda8377297d7010efd2f33281593f9eb33eee20a0ceb3c52efc56cd464ece76","100157"
"raw/h2/2026-09-25T05-17-35-713Z_h2_pair20_order2.json","68f272216081f3e4cefc66a56e8c7a029185c9e49163ab43f449ab0ce7456edf","100192"
"raw/h2/2026-09-25T05-17-37-771Z_h2_pair21_order2.json","4ab5d2eb945da729f30910e19e70f9e79dbfbc9f5423caaff0f4a276a0aafff7","99989"
"raw/h2/2026-09-25T05-17-39-822Z_h2_pair22_order2.json","5c0ee2a46c65d7eafd6ac88efac4cfd30b7c7323421521716dd02f54e5ba46a1","100276"
"raw/h2/2026-09-25T05-17-40-704Z_h2_pair23_order1.json","c0669eedde641064e4813e4fa3c576e0f76d1980c1200886722c84256b144b41","100151"
"raw/h2/2026-09-25T05-17-44-267Z_h2_pair24_order2.json","a49ea3ee893574d10f11cc3f2f15cdd8f789e67bfd7375815585fde080643ff3","100370"
"raw/h2/2026-09-25T05-17-45-136Z_h2_pair25_order1.json","e7c1a23c841a93aa2029169b3178dc40edf87501e0196bc03b33a24fa9572801","100419"
"raw/h2/2026-09-25T05-17-49-077Z_h2_pair26_order2.json","dc913d40d0557669e67d0dc4da25d18f8f7317ed740852a178467debb2a01d82","100409"
"raw/h2/2026-09-25T05-17-51-134Z_h2_pair27_order2.json","f775c51016cbba9ffc3d5b99e17d88cd9dab2b8393f598f3da7cf1fbccfb1073","100033"
"raw/h2/2026-09-25T05-17-51-999Z_h2_pair28_order1.json","665b89e2fc2e95c802432cfb645fa5095ebfdcd3df9a844bcfed925fb720e0de","100134"
"raw/h2/2026-09-25T05-17-54-042Z_h2_pair29_order1.json","7035af0c05442d42fc4e9917fea0ec6dbad6d6318e381008aec10dafa00bcc7b","100051"
"raw/h2/2026-09-25T05-17-56-092Z_h2_pair30_order1.json","d026e03eaca302b4af481a680ce03bf720929f2388a0d98234dcf85c5411cd61","100305"
"raw/h3-local/2026-09-28T08-59-36-384Z.json","7b5375b3c03872befc8f15a98edc90dd8e405939a5c6476ddcdfa982c00502db","305570"
"raw/h3-observation/2026-09-25T05-18-20-770Z-default.json","82d7e1961906a228a8e03dce813a43175a21d1c2a87aee2948aa4915ff6aa4c4","1667"
"raw/h3-observation/2026-09-25T05-18-33-942Z-quic-disabled.json","2ccef8570f076dd7ab675c2278bf2ede850d01c5ac56b598e7fb2974dea808e3","888"
"raw/tri-protocol/tri-2026-09-28T09-13-29-570Z/h1/tri-2026-09-28T09-13-29-570Z_h1_block01_order1.json","066dd8815b22beab9a81d94e211381b45c29706f8505b86005c033969fcfc3c2","106993"
"raw/tri-protocol/tri-2026-09-28T09-13-29-570Z/h1/tri-2026-09-28T09-13-29-570Z_h1_block02_order1.json","33746d6b132119e75eb2af28822a5f47b09d0c67393e18ff5258fa6c00061456","107127"
"raw/tri-protocol/tri-2026-09-28T09-13-29-570Z/h1/tri-2026-09-28T09-13-29-570Z_h1_block03_order3.json","ce54907a152f9d3c1c3e6705e18fc6142efe5f241bf48d8ae15ee9fe99586691","106754"
"raw/tri-protocol/tri-2026-09-28T09-13-29-570Z/h1/tri-2026-09-28T09-13-29-570Z_h1_block04_order1.json","26b887b4404c178838c98728be8c79f71ac65f776e878b4f1f55b036fe06a367","107208"
"raw/tri-protocol/tri-2026-09-28T09-13-29-570Z/h1/tri-2026-09-28T09-13-29-570Z_h1_block05_order3.json","3df772f9b8f3df1d9b6d914a1424c39deb1bd9231aa5ba016b43fd4a9a8e10fe","107016"
"raw/tri-protocol/tri-2026-09-28T09-13-29-570Z/h1/tri-2026-09-28T09-13-29-570Z_h1_block06_order2.json","55865674459c9e29b2d20bad19f7e1a9e337018ac99ade5e3ccbd0f2d805e18b","107195"
"raw/tri-protocol/tri-2026-09-28T09-13-29-570Z/h1/tri-2026-09-28T09-13-29-570Z_h1_block07_order3.json","601dab10b0925efc8d447feb3849d59c6429a2461d8e1cc1f95b0a118b751dd9","107079"
"raw/tri-protocol/tri-2026-09-28T09-13-29-570Z/h1/tri-2026-09-28T09-13-29-570Z_h1_block08_order2.json","487544b7ad49ed2ae7ca9b38c79be85b905272b108c055d0a6ac78a2cf5bb0a4","107042"
"raw/tri-protocol/tri-2026-09-28T09-13-29-570Z/h1/tri-2026-09-28T09-13-29-570Z_h1_block09_order3.json","18f2003e64098a4d026368ac3eedb020b4ed77cef2da6e001ce0ec5c9894770c","106922"
"raw/tri-protocol/tri-2026-09-28T09-13-29-570Z/h1/tri-2026-09-28T09-13-29-570Z_h1_block10_order1.json","42a03e6a930532bf458d6bd5e57e0b55400347c8f31ef716def3b6be4d392835","107169"
"raw/tri-protocol/tri-2026-09-28T09-13-29-570Z/h1/tri-2026-09-28T09-13-29-570Z_h1_block11_order3.json","74524ad3bf7aaa8d36009d712405672babedda50a2769695fdb0da2248cf3f77","106856"
"raw/tri-protocol/tri-2026-09-28T09-13-29-570Z/h1/tri-2026-09-28T09-13-29-570Z_h1_block12_order2.json","34fbf8f9518f92cc7b2045279047e81eb4a91705bcbf23567165c1b8a6a13255","107089"
"raw/tri-protocol/tri-2026-09-28T09-13-29-570Z/h1/tri-2026-09-28T09-13-29-570Z_h1_block13_order1.json","9a93d3e21c24824e6bbd90006e6876b8f11c90cd2950ca38cf4e075f416e7dd9","107244"
"raw/tri-protocol/tri-2026-09-28T09-13-29-570Z/h1/tri-2026-09-28T09-13-29-570Z_h1_block14_order3.json","f4e4c53aef266ade2833a4e1d8bd39cacd13ae9280a74b221331bb045b70ecac","106895"
"raw/tri-protocol/tri-2026-09-28T09-13-29-570Z/h1/tri-2026-09-28T09-13-29-570Z_h1_block15_order3.json","83339fbce8eee6c1a968d4bbbdfcc966e7e038f29c521887b3d5d79e937a78d2","106833"
"raw/tri-protocol/tri-2026-09-28T09-13-29-570Z/h1/tri-2026-09-28T09-13-29-570Z_h1_block16_order1.json","73a8059760750ba96ad81e86ed15694280d72d5e0231e1d147ec9681e6f481de","107158"
"raw/tri-protocol/tri-2026-09-28T09-13-29-570Z/h1/tri-2026-09-28T09-13-29-570Z_h1_block17_order2.json","083a15f0887163f227d6d71fc2aa861084f929dc4db027155932575ef3830c42","106958"
"raw/tri-protocol/tri-2026-09-28T09-13-29-570Z/h1/tri-2026-09-28T09-13-29-570Z_h1_block18_order2.json","2f557ce966859a4a5bfcc71fcaf1db00e78f6fec8b87cf47688cb04720986ca7","106871"
"raw/tri-protocol/tri-2026-09-28T09-13-29-570Z/h1/tri-2026-09-28T09-13-29-570Z_h1_block19_order3.json","79a46945b3e4c72f3a7c5d9be07e3d1a62fcdda5f8a08ad19d87aed2425a88c8","107125"
"raw/tri-protocol/tri-2026-09-28T09-13-29-570Z/h1/tri-2026-09-28T09-13-29-570Z_h1_block20_order2.json","686406bd4663f9a9d5dc2e113cea78be6be16f588e7845e09bf7c5f9a0a4cd50","106851"
"raw/tri-protocol/tri-2026-09-28T09-13-29-570Z/h1/tri-2026-09-28T09-13-29-570Z_h1_block21_order2.json","6a31a7adbf4b195f83ca043710f8bf996dc9d741033703e5622abe868294727d","106983"
"raw/tri-protocol/tri-2026-09-28T09-13-29-570Z/h1/tri-2026-09-28T09-13-29-570Z_h1_block22_order2.json","46306193ba63198f31fc4dc65a98c49c7c149c51067bbcb63ebafe0096b99e32","107004"
"raw/tri-protocol/tri-2026-09-28T09-13-29-570Z/h1/tri-2026-09-28T09-13-29-570Z_h1_block23_order1.json","909eef093d07128c11616609b6d519ad3c7e05ec2c10faf1b488469b3655ceb6","106963"
"raw/tri-protocol/tri-2026-09-28T09-13-29-570Z/h1/tri-2026-09-28T09-13-29-570Z_h1_block24_order3.json","9b0df9f95634186821b2d8b2db77ef98891784c53927de0cdc711207a17b377d","107087"
"raw/tri-protocol/tri-2026-09-28T09-13-29-570Z/h1/tri-2026-09-28T09-13-29-570Z_h1_block25_order1.json","0867b04887fff3b5ebddc36b3f3c55b8111d15df91f4c242ff96139ef3f36a65","107081"
"raw/tri-protocol/tri-2026-09-28T09-13-29-570Z/h1/tri-2026-09-28T09-13-29-570Z_h1_block26_order2.json","88ab0b96a4eea7e1e85f8e0ad001fb6244694ac80113f61deacd3309952dd148","106863"
"raw/tri-protocol/tri-2026-09-28T09-13-29-570Z/h1/tri-2026-09-28T09-13-29-570Z_h1_block27_order3.json","6a4def7c47b6ed88c0d08f39eb534e48e9d0f079473e7c538707ad4c89a90f62","107093"
"raw/tri-protocol/tri-2026-09-28T09-13-29-570Z/h1/tri-2026-09-28T09-13-29-570Z_h1_block28_order1.json","ced51e5df73bd8a3c2c4c5bb143e1ffe1b5ac17984dd047ad3dcfb40f4f73278","107090"
"raw/tri-protocol/tri-2026-09-28T09-13-29-570Z/h1/tri-2026-09-28T09-13-29-570Z_h1_block29_order1.json","53f13df86fa6cb2318cc0794d8eee7be7d0a9ef6292f31f4d0998dfbe17073dc","107122"
"raw/tri-protocol/tri-2026-09-28T09-13-29-570Z/h1/tri-2026-09-28T09-13-29-570Z_h1_block30_order2.json","7173d6384ed89c443bd1f46d8dcdf268ed0b17a8971e1bc99a432d99c5d88a86","106954"
"raw/tri-protocol/tri-2026-09-28T09-13-29-570Z/h2/tri-2026-09-28T09-13-29-570Z_h2_block01_order2.json","ff1f68a71effe44abb5ed63889c49cc06fccee76988c158e93f021ef9703b9ec","100799"
"raw/tri-protocol/tri-2026-09-28T09-13-29-570Z/h2/tri-2026-09-28T09-13-29-570Z_h2_block02_order2.json","38408aa42130494b90b560ab92c9b51821395bd1faa38b2ec4e255021868352d","101021"
"raw/tri-protocol/tri-2026-09-28T09-13-29-570Z/h2/tri-2026-09-28T09-13-29-570Z_h2_block03_order1.json","6ab2b39fb254d5c9a59eda9b55d0f7efb8f4ba212fbd26ae3f5992d391c2c7b6","100902"
"raw/tri-protocol/tri-2026-09-28T09-13-29-570Z/h2/tri-2026-09-28T09-13-29-570Z_h2_block04_order3.json","2e5f75a6162939757b187d91d5fda553f513f70585fe7036f61b1fb03c092770","101026"
"raw/tri-protocol/tri-2026-09-28T09-13-29-570Z/h2/tri-2026-09-28T09-13-29-570Z_h2_block05_order2.json","8f44fb766f26dec6c47a8a65cf57fdcd52653960c1797876d674ce7f2a32dd9f","100921"
"raw/tri-protocol/tri-2026-09-28T09-13-29-570Z/h2/tri-2026-09-28T09-13-29-570Z_h2_block06_order1.json","b7798938a413e25bc2b384920b6d7acdf816ff228864141a1f67e65740137865","101049"
"raw/tri-protocol/tri-2026-09-28T09-13-29-570Z/h2/tri-2026-09-28T09-13-29-570Z_h2_block07_order1.json","281da258f1884aa673bdafe908341025782069d874616dbfef70b251f1967f54","101150"
"raw/tri-protocol/tri-2026-09-28T09-13-29-570Z/h2/tri-2026-09-28T09-13-29-570Z_h2_block08_order3.json","97b20b96fc3f286f5a63b422c206e974ea6e07c7b89edaca226faa263da5907d","100934"
"raw/tri-protocol/tri-2026-09-28T09-13-29-570Z/h2/tri-2026-09-28T09-13-29-570Z_h2_block09_order1.json","e1d437ad5451d79c800032f85108c2a01d682daa45b4597e54c48f922d3326c3","100984"
"raw/tri-protocol/tri-2026-09-28T09-13-29-570Z/h2/tri-2026-09-28T09-13-29-570Z_h2_block10_order2.json","8b76ce1f935bdc794e43a1a316356ae65529ee2f1686056aef5dfbe3f5e32993","101010"
"raw/tri-protocol/tri-2026-09-28T09-13-29-570Z/h2/tri-2026-09-28T09-13-29-570Z_h2_block11_order2.json","b8112340baa88b96da9d59b497f34805d173527c2012f1bdb671c6b7c574296a","101103"
"raw/tri-protocol/tri-2026-09-28T09-13-29-570Z/h2/tri-2026-09-28T09-13-29-570Z_h2_block12_order3.json","82b7c65a54d75d5e5d7bc579483e8bbac8ccde914d7829c32cf812f9e8df8539","101143"
"raw/tri-protocol/tri-2026-09-28T09-13-29-570Z/h2/tri-2026-09-28T09-13-29-570Z_h2_block13_order2.json","0ba236b910c237b45a241ff8988406e576c5abfe209864af03ef49de37e48815","101016"
"raw/tri-protocol/tri-2026-09-28T09-13-29-570Z/h2/tri-2026-09-28T09-13-29-570Z_h2_block14_order2.json","ac3ced2107c186afdd826d047e13fc3fba70cfce111e16b9f328a94dd5b3a3fe","100986"
"raw/tri-protocol/tri-2026-09-28T09-13-29-570Z/h2/tri-2026-09-28T09-13-29-570Z_h2_block15_order1.json","a6142967531e9360fef13156f23165a75ce26ed1b28e92973af568dd449599a9","101186"
"raw/tri-protocol/tri-2026-09-28T09-13-29-570Z/h2/tri-2026-09-28T09-13-29-570Z_h2_block16_order3.json","b6d7b737d4b8c2ef67a287d5bc11024ff9666641c5df49be4ff0f36634d0a780","101269"
"raw/tri-protocol/tri-2026-09-28T09-13-29-570Z/h2/tri-2026-09-28T09-13-29-570Z_h2_block17_order3.json","9362236c57f939fdc169c6055bebce5417db85c88ffac8c93422db0697f145c6","100872"
"raw/tri-protocol/tri-2026-09-28T09-13-29-570Z/h2/tri-2026-09-28T09-13-29-570Z_h2_block18_order3.json","4003030e339b71726473adb7dfa6effff8a61ea9753e9ca39fd1ec217b5aebf4","101012"
"raw/tri-protocol/tri-2026-09-28T09-13-29-570Z/h2/tri-2026-09-28T09-13-29-570Z_h2_block19_order2.json","8ee8cfa24910f79517bb4780023b46f6d1dc9883fcbc8039b76bd5fce5bdd147","101062"
"raw/tri-protocol/tri-2026-09-28T09-13-29-570Z/h2/tri-2026-09-28T09-13-29-570Z_h2_block20_order1.json","a4b4b3a90367cb7c89ec1cbef2ff5b1068dd3c439468a29ad099042642fed08e","101020"
"raw/tri-protocol/tri-2026-09-28T09-13-29-570Z/h2/tri-2026-09-28T09-13-29-570Z_h2_block21_order1.json","4f155b9f3034da960b8dfa0be5085f3413fed050ff45e5873bb54175370c2292","101059"
"raw/tri-protocol/tri-2026-09-28T09-13-29-570Z/h2/tri-2026-09-28T09-13-29-570Z_h2_block22_order1.json","1bd8d3dbf79acaee7ae0a596ddad2307105c2cb5ca314c8f2faeaf75bdef3597","101067"
"raw/tri-protocol/tri-2026-09-28T09-13-29-570Z/h2/tri-2026-09-28T09-13-29-570Z_h2_block23_order3.json","f058d32567548c3cde661fa34a72b84f697f4b2604f46338dc22f61c18a16d68","100959"
"raw/tri-protocol/tri-2026-09-28T09-13-29-570Z/h2/tri-2026-09-28T09-13-29-570Z_h2_block24_order2.json","6fa4cc60fff82222294ad414681edbd9cdde50df24787be9cf4a324b4ebbef45","101166"
"raw/tri-protocol/tri-2026-09-28T09-13-29-570Z/h2/tri-2026-09-28T09-13-29-570Z_h2_block25_order3.json","fd55c680d0ea10815eaa343b658b73111e7d4e6889382d34802b2256fc09d431","101149"
"raw/tri-protocol/tri-2026-09-28T09-13-29-570Z/h2/tri-2026-09-28T09-13-29-570Z_h2_block26_order1.json","ad640f3aca2eccb6577a92569d9d8cea9f9b33413a040a353a0bd376b7c1168e","100991"
"raw/tri-protocol/tri-2026-09-28T09-13-29-570Z/h2/tri-2026-09-28T09-13-29-570Z_h2_block27_order1.json","f2078749557e26941e63641905bf448539f56db5bfda877372b5f335ab83b3b3","100914"
"raw/tri-protocol/tri-2026-09-28T09-13-29-570Z/h2/tri-2026-09-28T09-13-29-570Z_h2_block28_order3.json","9648f030ab959a5ca518d3d3de51e618a2319c84bfa963b00375baed5ae55071","100880"
"raw/tri-protocol/tri-2026-09-28T09-13-29-570Z/h2/tri-2026-09-28T09-13-29-570Z_h2_block29_order2.json","4a0582ecdfcf52acb315d2b58bef1b4c17d2d5b7000cb339411f6134e0883d3e","100976"
"raw/tri-protocol/tri-2026-09-28T09-13-29-570Z/h2/tri-2026-09-28T09-13-29-570Z_h2_block30_order3.json","ea4efa6f2d77307faa91aafd1ceea95c02fc400957e69a940e0966b102fa8dac","100950"
"raw/tri-protocol/tri-2026-09-28T09-13-29-570Z/h3/tri-2026-09-28T09-13-29-570Z_h3_block01_order3.json","2ac4b0a99c0e7b12180a34817f7790731680298535be26a088ebc4eb94f251d4","103410"
"raw/tri-protocol/tri-2026-09-28T09-13-29-570Z/h3/tri-2026-09-28T09-13-29-570Z_h3_block02_order3.json","bf302e60edb6431dc584c2029f4e569f37d31e13a3e27c1508dbb07f4334d2f8","103580"
"raw/tri-protocol/tri-2026-09-28T09-13-29-570Z/h3/tri-2026-09-28T09-13-29-570Z_h3_block03_order2.json","170c883aa54e784b4f2c324f725bc047f11f6d4e4da2694c00e40237f91c97d6","103397"
"raw/tri-protocol/tri-2026-09-28T09-13-29-570Z/h3/tri-2026-09-28T09-13-29-570Z_h3_block04_order2.json","328109eeb44ac8527f0d05d41564f29c20a985d5c4155b808a2df2d806838d26","103522"
"raw/tri-protocol/tri-2026-09-28T09-13-29-570Z/h3/tri-2026-09-28T09-13-29-570Z_h3_block05_order1.json","709e39429dd141ca1eef8d26e4653a84187ca8084939c4a2d1b3a1cc90c27b9d","103520"
"raw/tri-protocol/tri-2026-09-28T09-13-29-570Z/h3/tri-2026-09-28T09-13-29-570Z_h3_block06_order3.json","f0369df2bcd56218d0c59cf3e5bd3e13fae0df9d5d3d02edda9f75b45f7c079f","103557"
"raw/tri-protocol/tri-2026-09-28T09-13-29-570Z/h3/tri-2026-09-28T09-13-29-570Z_h3_block07_order2.json","2e22738a4b9d37ce92c9058e3b597a47317896004ff38bf7a312fdf9a2dfd7f0","103392"
"raw/tri-protocol/tri-2026-09-28T09-13-29-570Z/h3/tri-2026-09-28T09-13-29-570Z_h3_block08_order1.json","b57205b115c2e5c3366b922ba4f3e8e32988b0be96befc383de385a012572656","103445"
"raw/tri-protocol/tri-2026-09-28T09-13-29-570Z/h3/tri-2026-09-28T09-13-29-570Z_h3_block09_order2.json","f7466cc9938804d386bbf9d41145313664728b0015fb61524d0a867681f3c8d6","103284"
"raw/tri-protocol/tri-2026-09-28T09-13-29-570Z/h3/tri-2026-09-28T09-13-29-570Z_h3_block10_order3.json","99d081f94290b9feeeccd761d43d52710f7a4e575961bfa3e8cea44016c04e6b","103650"
"raw/tri-protocol/tri-2026-09-28T09-13-29-570Z/h3/tri-2026-09-28T09-13-29-570Z_h3_block11_order1.json","dc06acde828e94a6464f30f4467da10270879d2aff477ee8c76e98c3c7c689e8","103634"
"raw/tri-protocol/tri-2026-09-28T09-13-29-570Z/h3/tri-2026-09-28T09-13-29-570Z_h3_block12_order1.json","458171a60ccb9e262a88f8afdf1a346c846eb7ca65453e88191f545537ad9c8b","103398"
"raw/tri-protocol/tri-2026-09-28T09-13-29-570Z/h3/tri-2026-09-28T09-13-29-570Z_h3_block13_order3.json","9c19742ba631ee250072afe28f63c9e1074189e0713bf4955ac2e83ee4afe2e1","103626"
"raw/tri-protocol/tri-2026-09-28T09-13-29-570Z/h3/tri-2026-09-28T09-13-29-570Z_h3_block14_order1.json","5e257622f9504a8827f833e1a149bc943a5a57224c2b4bc9ee7c26adcce5ad83","103416"
"raw/tri-protocol/tri-2026-09-28T09-13-29-570Z/h3/tri-2026-09-28T09-13-29-570Z_h3_block15_order2.json","5e5858b5bbd1b9fba5573ac649a148b7904b80bbf7c76b5de20a6176a4595170","103611"
"raw/tri-protocol/tri-2026-09-28T09-13-29-570Z/h3/tri-2026-09-28T09-13-29-570Z_h3_block16_order2.json","91161f3334e90f60120603059a937e791a70942ef7389b38462a42eede2e8dae","103462"
"raw/tri-protocol/tri-2026-09-28T09-13-29-570Z/h3/tri-2026-09-28T09-13-29-570Z_h3_block17_order1.json","c9a44422857dd884b17ccfa7548bf431a93f823dfefeb048609c73ef3de9d940","103478"
"raw/tri-protocol/tri-2026-09-28T09-13-29-570Z/h3/tri-2026-09-28T09-13-29-570Z_h3_block18_order1.json","d9646c8b95b128507e3324d54704bce584f46cb4020e04331472d28a60a3241e","103687"
"raw/tri-protocol/tri-2026-09-28T09-13-29-570Z/h3/tri-2026-09-28T09-13-29-570Z_h3_block19_order1.json","72969318c5946fc24fea2a37914d57ebce8e7e866e1c5833592138e21a0544cb","103621"
"raw/tri-protocol/tri-2026-09-28T09-13-29-570Z/h3/tri-2026-09-28T09-13-29-570Z_h3_block20_order3.json","125fbc0d6f70bb4327b73cf8357a42914da10303c2df5db58ca2c7a219744f85","103754"
"raw/tri-protocol/tri-2026-09-28T09-13-29-570Z/h3/tri-2026-09-28T09-13-29-570Z_h3_block21_order3.json","c955fa28520733c8eaba863fc98b2ed8d48a6c1aec9519459c733d4375469b74","103696"
"raw/tri-protocol/tri-2026-09-28T09-13-29-570Z/h3/tri-2026-09-28T09-13-29-570Z_h3_block22_order3.json","75cadbf93edbbfde3fdb5db5b4e939369d0740365e8abfde92c575f264481667","103559"
"raw/tri-protocol/tri-2026-09-28T09-13-29-570Z/h3/tri-2026-09-28T09-13-29-570Z_h3_block23_order2.json","e2c5896857924c790dd1d6210ce74236293f8f74ab53c6bce6f2ce36fcba259f","103605"
"raw/tri-protocol/tri-2026-09-28T09-13-29-570Z/h3/tri-2026-09-28T09-13-29-570Z_h3_block24_order1.json","ddbe50cd974f6c3f190f7d0099f3456f808f1bba5a164ec7327646ad9ff704fa","103347"
"raw/tri-protocol/tri-2026-09-28T09-13-29-570Z/h3/tri-2026-09-28T09-13-29-570Z_h3_block25_order2.json","0159fe7b17148e14bee3e29e53c15768f9893b766c195253819400c2a43b4090","103510"
"raw/tri-protocol/tri-2026-09-28T09-13-29-570Z/h3/tri-2026-09-28T09-13-29-570Z_h3_block26_order3.json","8215d5abc4a1ed850382c4c2595b329739568dbde40b3666b5a6d6487ee35f15","103675"
"raw/tri-protocol/tri-2026-09-28T09-13-29-570Z/h3/tri-2026-09-28T09-13-29-570Z_h3_block27_order2.json","20818012ca825208ce8da550a3e4629091813f6e4ce01f548db2451722063408","103449"
"raw/tri-protocol/tri-2026-09-28T09-13-29-570Z/h3/tri-2026-09-28T09-13-29-570Z_h3_block28_order2.json","37c89f77e7c23c323b73dad36b7965fff2440f5b1b0bcd0361ce5f52893b812b","103363"
"raw/tri-protocol/tri-2026-09-28T09-13-29-570Z/h3/tri-2026-09-28T09-13-29-570Z_h3_block29_order3.json","b42ea05cadd09620e5337296acebbfca3ae3caee758ce138d40d6c0686d68738","103394"
"raw/tri-protocol/tri-2026-09-28T09-13-29-570Z/h3/tri-2026-09-28T09-13-29-570Z_h3_block30_order1.json","07d06051dcba890d4874df0d0f73e074d20c34396288e64a6733bf7c10ec2096","103572"
"raw/tri-protocol/tri-2026-09-28T09-13-29-570Z/warmup/h1/tri-2026-09-28T09-13-29-570Z_warmup_h1_01.json","e966b9c1bb10ee2e0e3c02061dc282b43b1a85e346d80d4d1ed863146d05b5bc","106445"
"raw/tri-protocol/tri-2026-09-28T09-13-29-570Z/warmup/h1/tri-2026-09-28T09-13-29-570Z_warmup_h1_02.json","114e6257a834a18fa5b140581068995955c7c7adf03f8c7a33afca1be2d19ff2","106245"
"raw/tri-protocol/tri-2026-09-28T09-13-29-570Z/warmup/h1/tri-2026-09-28T09-13-29-570Z_warmup_h1_03.json","76b0df69332873da27d29eb8fb261098033f823ee53a1babf7f8a0f17a5a3cd5","106442"
"raw/tri-protocol/tri-2026-09-28T09-13-29-570Z/warmup/h1/tri-2026-09-28T09-13-29-570Z_warmup_h1_04.json","891222e81fd3118ce54e4ee66c00a0bcf0a0fff11ce1f7cc79235ebe5a0509c7","106223"
"raw/tri-protocol/tri-2026-09-28T09-13-29-570Z/warmup/h1/tri-2026-09-28T09-13-29-570Z_warmup_h1_05.json","3fc9e3ce1a55c13ccb5ce5367c315c37908925a6c976110eefa9585f2571dbab","106397"
"raw/tri-protocol/tri-2026-09-28T09-13-29-570Z/warmup/h2/tri-2026-09-28T09-13-29-570Z_warmup_h2_01.json","8d1d1105d8962aac9e406780a4ef1c76847ae4a54156d1744a274183a5a036b6","100381"
"raw/tri-protocol/tri-2026-09-28T09-13-29-570Z/warmup/h2/tri-2026-09-28T09-13-29-570Z_warmup_h2_02.json","cb797677301c916ea29f21cb44c1af6a4dc06a8e671c30f4eb2fad74bc99a653","100394"
"raw/tri-protocol/tri-2026-09-28T09-13-29-570Z/warmup/h2/tri-2026-09-28T09-13-29-570Z_warmup_h2_03.json","39164b1b0f82f754598e8fc841152c0923396decfda988f9f3418c57b24252f9","100327"
"raw/tri-protocol/tri-2026-09-28T09-13-29-570Z/warmup/h2/tri-2026-09-28T09-13-29-570Z_warmup_h2_04.json","e04158e212d5b702acccf51d5ef89e99243aabac4a9f69564d146fe62b295841","100327"
"raw/tri-protocol/tri-2026-09-28T09-13-29-570Z/warmup/h2/tri-2026-09-28T09-13-29-570Z_warmup_h2_05.json","546f01783d1768a50f857e7c43899210ac38d3ae22c849b75d54a63279d989c7","100140"
"raw/tri-protocol/tri-2026-09-28T09-13-29-570Z/warmup/h3/tri-2026-09-28T09-13-29-570Z_warmup_h3_01.json","0ac3632fa1c5036567f2053034b09b838b9ec323f2128a87c4361c39f13924e5","102714"
"raw/tri-protocol/tri-2026-09-28T09-13-29-570Z/warmup/h3/tri-2026-09-28T09-13-29-570Z_warmup_h3_02.json","25796ff5f21b0356797918b569ce0f082f59922128b871f1cf895bd25b40c666","102670"
"raw/tri-protocol/tri-2026-09-28T09-13-29-570Z/warmup/h3/tri-2026-09-28T09-13-29-570Z_warmup_h3_03.json","6a11e635b40aa3c1f692d962355bacc19c3a6e7369716cae75e79fe81710197b","102888"
"raw/tri-protocol/tri-2026-09-28T09-13-29-570Z/warmup/h3/tri-2026-09-28T09-13-29-570Z_warmup_h3_04.json","67c9dc22134c2d42ec4cdc290a86d41b1f7be014cfa77fd455c705191e6f4105","102941"
"raw/tri-protocol/tri-2026-09-28T09-13-29-570Z/warmup/h3/tri-2026-09-28T09-13-29-570Z_warmup_h3_05.json","4c755cf8907f77d81ed1873b8ce3408c29449550c37f9e4da3b49b41f9b9561e","102829"
"raw/warmup/h1/warmup-h1-01-2026-09-25T05-16-45-025Z.json","3821b2e0af19728346e2e8db26bf747ada9d11b8748063f75e4f6b7fff6ea949","105820"
"raw/warmup/h1/warmup-h1-02-2026-09-25T05-16-46-264Z.json","c7bd0736c0dc40b164911b7cc8bf550e1699bfd2f8a798f5fe004b38920aa1d6","105723"
"raw/warmup/h1/warmup-h1-03-2026-09-25T05-16-47-434Z.json","590c7da1b46463acca8863dd2bec5405a49aa7fdc637b371c6de0d25a21a33e6","105890"
"raw/warmup/h1/warmup-h1-04-2026-09-25T05-16-48-627Z.json","bab7fdadec003e4bdce68bc523d3748de25f7ecaf0b19255ddc281b6cde48ffd","105874"
"raw/warmup/h1/warmup-h1-05-2026-09-25T05-16-49-814Z.json","4d89cd180b3ade589e8a79421bbcea64098a9dfc00061e38751e758f788d4080","106190"
"raw/warmup/h2/warmup-h2-01-2026-09-25T05-16-50-996Z.json","94c77f3ed3f9f563dcc7bb4eac3361d85d4e4616807df754e243cc17c5d9ba8e","99677"
"raw/warmup/h2/warmup-h2-02-2026-09-25T05-16-51-866Z.json","cc8d75e53d38005db7730da06906db28e34472b4320b553e65c719f5d521f2ad","99634"
"raw/warmup/h2/warmup-h2-03-2026-09-25T05-16-52-733Z.json","9178b82e60761d0c7be99ad51081ad09efc988425c36deb5ca70787fd36efd9c","99686"
"raw/warmup/h2/warmup-h2-04-2026-09-25T05-16-53-623Z.json","fe34d8b22696eca99012c993f1ccbc57ccefd27af8c1f6cd113ee01a4ac38ca2","99784"
"raw/warmup/h2/warmup-h2-05-2026-09-25T05-16-54-511Z.json","1004370c2fd9ac0d3caf9a97771191c263529303fa57bcd10e5871a9c138886e","99620"
"README.md","f9e70430d6b836ebd3c46610f96d76ccb6f4e2218a37bce2e44bed43ca013be5","4750"
"requirements-plot.txt","7576b66a0668e0865ec67f646d13f65efc9c249512738d17813ff570644b3d38","20"
"screenshots/automated/2026-09-25T05-18-20-770Z-default-visit1.png","eadeaccff1c9633980697aeb97ac4ade6ba5a7e6d2422d4b782472137abd1733","290846"
"screenshots/automated/2026-09-25T05-18-20-770Z-default-visit2.png","eadeaccff1c9633980697aeb97ac4ade6ba5a7e6d2422d4b782472137abd1733","290846"
"screenshots/automated/2026-09-25T05-18-20-770Z-default-visit3.png","eadeaccff1c9633980697aeb97ac4ade6ba5a7e6d2422d4b782472137abd1733","290846"
"screenshots/automated/2026-09-25T05-18-33-942Z-quic-disabled-visit1.png","eadeaccff1c9633980697aeb97ac4ade6ba5a7e6d2422d4b782472137abd1733","290846"
"screenshots/automated/2026-09-28T08-59-36-384Z-local-h3.png","bc52a0207b4babc519354b8e84dfdcedf2ec995d861a18d6597065ff069bcb24","84119"
"screenshots/automated/h1-representative.png","bc52a0207b4babc519354b8e84dfdcedf2ec995d861a18d6597065ff069bcb24","84119"
"screenshots/automated/h2-representative.png","bc52a0207b4babc519354b8e84dfdcedf2ec995d861a18d6597065ff069bcb24","84119"
"screenshots/automated/smoke-h1.png","bc52a0207b4babc519354b8e84dfdcedf2ec995d861a18d6597065ff069bcb24","84119"
"screenshots/automated/smoke-h2.png","bc52a0207b4babc519354b8e84dfdcedf2ec995d861a18d6597065ff069bcb24","84119"
"screenshots/automated/smoke-h3.png","bc52a0207b4babc519354b8e84dfdcedf2ec995d861a18d6597065ff069bcb24","84119"
"screenshots/automated/tri-2026-09-28T09-13-29-570Z-h1-representative.png","bc52a0207b4babc519354b8e84dfdcedf2ec995d861a18d6597065ff069bcb24","84119"
"screenshots/automated/tri-2026-09-28T09-13-29-570Z-h2-representative.png","bc52a0207b4babc519354b8e84dfdcedf2ec995d861a18d6597065ff069bcb24","84119"
"screenshots/automated/tri-2026-09-28T09-13-29-570Z-h3-representative.png","bc52a0207b4babc519354b8e84dfdcedf2ec995d861a18d6597065ff069bcb24","84119"
"screenshots/manual-devtools/h3-default-headers.png","a20dbb0ea52169c2ec07d62eaeabde78091520991fac3e9e946353488cc5db18","98026"
"screenshots/manual-devtools/h3-default-visit1-network.png","01d9de6d862ab8c0a0872deaa40ef57c6fc652d9795067b7882f54dddb84b967","92587"
"screenshots/manual-devtools/h3-default-visit2-network.png","15f7e683a222e6e57692145527fc8a6376df58d8b076d011e31a29ccdc9d37b3","92901"
"screenshots/manual-devtools/h3-default-visit3-network.png","3852feced9636a8aa0e4faf593d86949830eedf6ee8e08b1917a95dc28e0e1e4","92940"
"screenshots/manual-devtools/h3-disabled-headers.png","7e635e64cc52078d80ea7e8ae93dac52c62916d1c273f539b4089ced3989d8ae","97387"
"screenshots/manual-devtools/h3-disabled-network.png","463b9e537b0b2ebd9ed3567ca338ab60afb493ac2219c8c800708bf00d42ee42","89905"
"screenshots/manual-devtools/h3-local-headers.png","af3d8fc5196c568126edeb5a675db6fa39c0ce0f309c5cbb7c4989f91469bda0","117967"
"screenshots/manual-devtools/h3-local-network.png","a38d0a9d6535943acfd072883adb6f6688b66c6cdfa5e75f7e9ea99fee0431c9","137927"
"screenshots/manual-devtools/m1-h1-network.png","60fad79386478f23b6e9c90352d98d2bc6d10207ce77f59784d9b2770cadb189","141217"
"screenshots/manual-devtools/m2-h1-headers.png","0887d61a10a03b33b09bc4c9bd80389ab49585233cf08a5d97089b91a8b76936","119606"
"screenshots/manual-devtools/m3-h2-network.png","81829e4a8029b1b2756964af0a4c1e9fb3c42f739cb9581c77ddc24375f79315","139421"
"screenshots/manual-devtools/m4-h2-headers.png","d6ff3cd100d56adea035996cc0425bb32909e50cc427b235c8e015ea08cc73d0","121815"
"screenshots/manual-devtools/m5-page-appearance-comparison.png","4cd8be19f68ac416e34e1acd5d68cb8735bd65f669221e3d5f0bd305fb0cb1ec","138646"
"screenshots/manual-devtools/m6-public-network.png","7c01091d0baae737665145eb57071f76684b217a01cadd6bcd5fe7e09c3da410","54710"
"screenshots/manual-devtools/m7-public-headers.png","4225ae16008d95c07dce5a2fc0b5b9e39f8963b88e864a91c6e25176960bbd16","90488"
"scripts/audit-privacy.mjs","2bef273b816dc296da3faa7e9c528b445353b09dcc841233207bdfa8d54149a2","2746"
"scripts/capture-compose-evidence.mjs","8d7ed4ad60f819cc9b8394d188268f66c3228302d54fab22f80b48cad373c55c","1282"
"scripts/capture-devtools-evidence.mjs","a492f73f0bd6de70b0d5301fe5fac3a387c7c4c92ff6252c6b3c5f3ff2186c50","14105"
"scripts/capture-environment.mjs","5f8982a21eff6d03f773c08ddc7763ddcf7c01de85c5175874e5d9a3294680fe","2717"
"scripts/collect.mjs","9f8058ad3588119b1fee90182e1f7b01435e4a3a31f5b62b45ada123bafc9dbb","5591"
"scripts/generate-checksums.mjs","3f70adc156cd2eba7886c89de64e47c42dd4ff8536f667266e8fcd555bbaa1af","1691"
"scripts/lib/experiment.mjs","ce490c9b629a829b4adac525819aa9b74aa8bc0547e703617a1b5c19e8070361","16703"
"scripts/New-LocalCertificate.ps1","5e803acc1fc08fe0e5b9d918df97a2207569e2dab90c912b71e04a29c4fc44f8","2322"
"scripts/observe-h3.mjs","52ff158dded1267848c24418bf02b14eb03c281815db824aa5ab660292950b9d","4045"
"scripts/open-devtools.mjs","66e1c1e0ed7d14415c3a74e05321e30893b3a9a221faa687f5acf00d3677a62c","984"
"scripts/plot-paper.py","f4c75ed56ef1fbed4a6d42eb56c86e176c06956290f88209b057647f1fab4cd8","6743"
"scripts/plot.mjs","fd52587ae1f45483133d755cce96b78b6990dce5a056542a6a3d8ad4837b784c","8329"
"scripts/sanitize-netlog.mjs","b8f93c5545547fe49f4b11c259324b2ebc113c696c6e21f64775526cdd0f8c52","1313"
"scripts/smoke.mjs","341a74bdd2643adc3394d4793650a3eab5e3a5f59ac855a29db2ff926abb78b2","1333"
"scripts/summarize-netlog.mjs","11c949a40b351623bd2e0ee08b53083caa20ce930354414798e5c474110d7257","1820"
"scripts/summarize-server-logs.mjs","14304c8cdf25cd454b8025413c4db5c6dd04e75addf9df5dabb67986ac4d4e0f","3656"
"scripts/summarize.mjs","a2aca614db490a3d98f85c22cba24a4830148d9ba64bcc716f7d2a017dd1695f","7199"
"scripts/validate-h3-local.mjs","4153e66b3310c5d3033759fd9b1f68fd8b412c4ad40a8c223fe81ba28a03f69b","2022"
"scripts/verify.mjs","0166b89620a97631b20f54aea44e049f3bf589845892a3f72e2127ab7058397d","3089"
