block_id,block_valid,h1_run_id,h2_run_id,h3_run_id,h1_nav_ttfb_ms,h2_nav_ttfb_ms,h3_nav_ttfb_ms,diff_h2_minus_h1_nav_ttfb_ms,relative_h2_minus_h1_nav_ttfb_ms_pct,diff_h3_minus_h1_nav_ttfb_ms,relative_h3_minus_h1_nav_ttfb_ms_pct,diff_h3_minus_h2_nav_ttfb_ms,relative_h3_minus_h2_nav_ttfb_ms_pct,h1_dom_content_loaded_ms,h2_dom_content_loaded_ms,h3_dom_content_loaded_ms,diff_h2_minus_h1_dom_content_loaded_ms,relative_h2_minus_h1_dom_content_loaded_ms_pct,diff_h3_minus_h1_dom_content_loaded_ms,relative_h3_minus_h1_dom_content_loaded_ms_pct,diff_h3_minus_h2_dom_content_loaded_ms,relative_h3_minus_h2_dom_content_loaded_ms_pct,h1_load_ms,h2_load_ms,h3_load_ms,diff_h2_minus_h1_load_ms,relative_h2_minus_h1_load_ms_pct,diff_h3_minus_h1_load_ms,relative_h3_minus_h1_load_ms_pct,diff_h3_minus_h2_load_ms,relative_h3_minus_h2_load_ms_pct,h1_lcp_candidate_ms,h2_lcp_candidate_ms,h3_lcp_candidate_ms,diff_h2_minus_h1_lcp_candidate_ms,relative_h2_minus_h1_lcp_candidate_ms_pct,diff_h3_minus_h1_lcp_candidate_ms,relative_h3_minus_h1_lcp_candidate_ms_pct,diff_h3_minus_h2_lcp_candidate_ms,relative_h3_minus_h2_lcp_candidate_ms_pct,h1_resource_completion_span_ms,h2_resource_completion_span_ms,h3_resource_completion_span_ms,diff_h2_minus_h1_resource_completion_span_ms,relative_h2_minus_h1_resource_completion_span_ms_pct,diff_h3_minus_h1_resource_completion_span_ms,relative_h3_minus_h1_resource_completion_span_ms_pct,diff_h3_minus_h2_resource_completion_span_ms,relative_h3_minus_h2_resource_completion_span_ms_pct,h1_unique_connection_count,h2_unique_connection_count,h3_unique_connection_count,diff_h2_minus_h1_unique_connection_count,relative_h2_minus_h1_unique_connection_count_pct,diff_h3_minus_h1_unique_connection_count,relative_h3_minus_h1_unique_connection_count_pct,diff_h3_minus_h2_unique_connection_count,relative_h3_minus_h2_unique_connection_count_pct,h1_total_encoded_bytes,h2_total_encoded_bytes,h3_total_encoded_bytes,diff_h2_minus_h1_total_encoded_bytes,relative_h2_minus_h1_total_encoded_bytes_pct,diff_h3_minus_h1_total_encoded_bytes,relative_h3_minus_h1_total_encoded_bytes_pct,diff_h3_minus_h2_total_encoded_bytes,relative_h3_minus_h2_total_encoded_bytes_pct
1,true,tri-2026-09-28T09-13-29-570Z_h1_block01_order1,tri-2026-09-28T09-13-29-570Z_h2_block01_order2,tri-2026-09-28T09-13-29-570Z_h3_block01_order3,3.900000002235174,4,4.300000000745058,0.09999999776482582,2.5641025053208635,0.3999999985098839,10.256410212323981,0.30000000074505806,7.5000000186264515,29.300000000745058,26.699999999254942,27.399999998509884,-2.600000001490116,-8.873720141378845,-1.9000000022351742,-6.484641645688942,0.6999999992549419,2.6217228437246267,433.5,137,132.60000000149012,-296.5,-68.39677047289504,-300.8999999985099,-69.41176470553862,-4.399999998509884,-3.2116788310291127,36,32,36,-4,-11.11111111111111,0,0,4,12.5,423.1000000014901,117.09999999776483,116.60000000149012,-306.0000000037253,-72.32332781910839,-306.5,-72.44150319047992,-0.4999999962747097,-0.42698547932045566,6,1,1,-5,-83.33333333333334,-5,-83.33333333333334,0,0,23451,20718,20876,-2733,-11.65408724574645,-2575,-10.98034198968061,158,0.76262187469833
2,true,tri-2026-09-28T09-13-29-570Z_h1_block02_order1,tri-2026-09-28T09-13-29-570Z_h2_block02_order2,tri-2026-09-28T09-13-29-570Z_h3_block02_order3,4.199999999254942,4.099999997764826,4.800000000745058,-0.10000000149011612,-2.3809524168537046,0.6000000014901161,14.285714323727452,0.7000000029802322,17.073170813703594,28.199999999254942,25.800000000745058,21.399999998509884,-2.399999998509884,-8.510638292813095,-6.800000000745058,-24.113475180584103,-4.400000002235174,-17.054263574062443,429.6000000014901,136.09999999776483,132.39999999850988,-293.5000000037253,-68.31936685351658,-297.20000000298023,-69.18063314756736,-3.699999999254942,-2.7185892720908944,36,32,52,-4,-11.11111111111111,16,44.44444444444444,20,62.5,420.1000000014901,116.19999999925494,115.80000000074506,-303.9000000022352,-72.3399190671643,-304.30000000074506,-72.43513449170808,-0.3999999985098839,-0.34423407789367355,6,1,1,-5,-83.33333333333334,-5,-83.33333333333334,0,0,23451,20718,20876,-2733,-11.65408724574645,-2575,-10.98034198968061,158,0.76262187469833
3,true,tri-2026-09-28T09-13-29-570Z_h1_block03_order3,tri-2026-09-28T09-13-29-570Z_h2_block03_order1,tri-2026-09-28T09-13-29-570Z_h3_block03_order2,4,4,4.599999997764826,0,0,0.5999999977648258,14.999999944120646,0.5999999977648258,14.999999944120646,32,28.800000000745058,23.599999997764826,-3.199999999254942,-9.999999997671694,-8.400000002235174,-26.25000000698492,-5.200000002980232,-18.055555565436485,432,137.30000000074506,131.59999999776483,-294.69999999925494,-68.21759259242013,-300.4000000022352,-69.53703703755444,-5.700000002980232,-4.151493082992936,40,36,32,-4,-10,-8,-20,-4,-11.11111111111111,422.3999999985099,117.70000000298023,115.39999999850988,-304.69999999552965,-72.13541666586282,-307,-72.67992424268064,-2.3000000044703484,-1.954120649458038,6,1,1,-5,-83.33333333333334,-5,-83.33333333333334,0,0,23451,20718,20876,-2733,-11.65408724574645,-2575,-10.98034198968061,158,0.76262187469833
4,true,tri-2026-09-28T09-13-29-570Z_h1_block04_order1,tri-2026-09-28T09-13-29-570Z_h2_block04_order3,tri-2026-09-28T09-13-29-570Z_h3_block04_order2,3.699999999254942,4.400000002235174,4.600000001490116,0.7000000029802322,18.918919003275384,0.9000000022351742,24.324324389632554,0.19999999925494194,4.545454526212343,28.800000000745058,20.600000001490116,21.800000000745058,-8.199999999254942,-28.472222218898636,-7,-24.30555555492677,1.199999999254942,5.825242714408442,434.0999999977648,135.20000000298023,132.69999999925494,-298.8999999947846,-68.85510251009528,-301.3999999985099,-69.4310066805026,-2.5000000037252903,-1.849112428750135,36,44,48,8,22.22222222222222,12,33.33333333333333,4,9.090909090909092,423.4000000022352,116.20000000298023,116.60000000149012,-307.19999999925494,-72.55550306982363,-306.80000000074506,-72.4610297588865,0.3999999985098839,0.3442340778826376,6,1,1,-5,-83.33333333333334,-5,-83.33333333333334,0,0,23451,20718,20876,-2733,-11.65408724574645,-2575,-10.98034198968061,158,0.76262187469833
5,true,tri-2026-09-28T09-13-29-570Z_h1_block05_order3,tri-2026-09-28T09-13-29-570Z_h2_block05_order2,tri-2026-09-28T09-13-29-570Z_h3_block05_order1,3.699999999254942,4,4.599999997764826,0.30000000074505806,8.108108129877518,0.8999999985098839,24.324324288949033,0.5999999977648258,14.999999944120646,28.400000002235174,26.700000002980232,22.5,-1.699999999254942,-5.985915489863191,-5.900000002235174,-20.77464789355924,-4.200000002980232,-15.730337088057796,430.80000000074506,133.10000000149012,132.30000000074506,-297.69999999925494,-69.10399257166668,-298.5,-69.28969359319493,-0.8000000007450581,-0.6010518412743063,36,32,48,-4,-11.11111111111111,12,33.33333333333333,16,50,421.30000000074506,117.29999999701977,115.90000000223517,-304.0000000037253,-72.15760740640582,-305.3999999985099,-72.48991217611436,-1.3999999947845936,-1.1935208821996277,6,1,1,-5,-83.33333333333334,-5,-83.33333333333334,0,0,23451,20718,20876,-2733,-11.65408724574645,-2575,-10.98034198968061,158,0.76262187469833
6,true,tri-2026-09-28T09-13-29-570Z_h1_block06_order2,tri-2026-09-28T09-13-29-570Z_h2_block06_order1,tri-2026-09-28T09-13-29-570Z_h3_block06_order3,3.600000001490116,4,4.600000001490116,0.3999999985098839,11.111111065119873,1,27.77777776627997,0.6000000014901161,15.000000037252903,27.800000000745058,21.5,21.900000002235174,-6.300000000745058,-22.661870505669835,-5.899999998509884,-21.223021576804893,0.4000000022351742,1.8604651266752286,430.4000000022352,141.5,134.60000000149012,-288.9000000022352,-67.12360594812613,-295.80000000074506,-68.7267657990727,-6.899999998509884,-4.876325087286137,36,52,48,16,44.44444444444444,12,33.33333333333333,-4,-7.6923076923076925,419.5,118.39999999850988,117.19999999925494,-301.1000000014901,-71.77592371906798,-302.30000000074506,-72.06197854606556,-1.199999999254942,-1.013513512896997,6,1,1,-5,-83.33333333333334,-5,-83.33333333333334,0,0,23451,20718,20876,-2733,-11.65408724574645,-2575,-10.98034198968061,158,0.76262187469833
7,true,tri-2026-09-28T09-13-29-570Z_h1_block07_order3,tri-2026-09-28T09-13-29-570Z_h2_block07_order1,tri-2026-09-28T09-13-29-570Z_h3_block07_order2,3.800000000745058,3.899999998509884,5,0.09999999776482582,2.63157888803208,1.199999999254942,31.578947342622644,1.1000000014901161,28.205128254112953,27.300000000745058,26.100000001490116,32.30000000074506,-1.199999999254942,-4.395604392755283,5,18.315018314518472,6.199999999254942,23.754789267819802,430.70000000298023,139.80000000074506,133.80000000074506,-290.9000000022352,-67.54121198054848,-296.9000000022352,-68.9342930114188,-6,-4.291845493539358,36,32,40,-4,-11.11111111111111,4,11.11111111111111,8,25,419.80000000074506,118.39999999850988,116.90000000223517,-301.4000000022352,-71.79609337820396,-302.8999999985099,-72.15340638350936,-1.4999999962747097,-1.2668918887614762,6,1,1,-5,-83.33333333333334,-5,-83.33333333333334,0,0,23451,20718,20876,-2733,-11.65408724574645,-2575,-10.98034198968061,158,0.76262187469833
8,true,tri-2026-09-28T09-13-29-570Z_h1_block08_order2,tri-2026-09-28T09-13-29-570Z_h2_block08_order3,tri-2026-09-28T09-13-29-570Z_h3_block08_order1,3.5,3.900000002235174,5.300000000745058,0.4000000022351742,11.428571492433548,1.800000000745058,51.42857144985881,1.3999999985098839,35.8974358386542,17.699999999254942,26.700000002980232,24.300000000745058,9.00000000372529,50.84745765030584,6.600000001490116,37.288135603208666,-2.400000002235174,-8.98876405231194,430.69999999925494,136,135.60000000149012,-294.69999999925494,-68.42349663333287,-295.0999999977648,-68.51636870171241,-0.3999999985098839,-0.29411764596314993,52,32,56,-20,-38.46153846153847,4,7.6923076923076925,24,75,421.6000000014901,116.40000000223517,117.39999999850988,-305.19999999925494,-72.39089184017463,-304.20000000298023,-72.15370019020519,0.9999999962747097,0.8591065259927039,6,1,1,-5,-83.33333333333334,-5,-83.33333333333334,0,0,23451,20718,20876,-2733,-11.65408724574645,-2575,-10.98034198968061,158,0.76262187469833
9,true,tri-2026-09-28T09-13-29-570Z_h1_block09_order3,tri-2026-09-28T09-13-29-570Z_h2_block09_order1,tri-2026-09-28T09-13-29-570Z_h3_block09_order2,3.7999999970197678,3.699999999254942,4.300000000745058,-0.09999999776482582,-2.631578890611921,0.5000000037252903,13.157894845195425,0.6000000014901161,16.216216259755036,18.299999997019768,26.199999999254942,20.900000002235174,7.900000002235174,43.169398926348215,2.6000000052154064,14.207650304037308,-5.299999997019768,-20.229007622788114,432.8999999985099,133.39999999850988,131.60000000149012,-299.5,-69.18456918480733,-301.29999999701977,-69.60036959992074,-1.7999999970197678,-1.3493253351123495,48,32,52,-16,-33.33333333333333,4,8.333333333333332,20,62.5,422.1000000014901,116.10000000149012,115.30000000074506,-306,-72.49466950933896,-306.80000000074506,-72.6841980572523,-0.8000000007450581,-0.6890611548103275,6,1,1,-5,-83.33333333333334,-5,-83.33333333333334,0,0,23451,20718,20876,-2733,-11.65408724574645,-2575,-10.98034198968061,158,0.76262187469833
10,true,tri-2026-09-28T09-13-29-570Z_h1_block10_order1,tri-2026-09-28T09-13-29-570Z_h2_block10_order2,tri-2026-09-28T09-13-29-570Z_h3_block10_order3,3.899999998509884,3.699999999254942,4.399999998509884,-0.19999999925494194,-5.128205111060465,0.5,12.820512825411296,0.6999999992549419,18.918918902591862,17.899999998509884,27.800000000745058,20.899999998509884,9.900000002235174,55.30726258692356,3,16.759776537708046,-6.900000002235174,-24.820143892267087,429.69999999925494,136.30000000074506,132.19999999925494,-293.3999999985099,-68.28019548499385,-297.5,-69.23434954631506,-4.100000001490116,-3.0080704339454907,48,36,48,-12,-25,0,0,12,33.33333333333333,420.19999999925494,118.19999999925494,114.90000000223517,-302,-71.87053783925165,-305.29999999701977,-72.65587815267995,-3.2999999970197678,-2.7918781700850834,6,1,1,-5,-83.33333333333334,-5,-83.33333333333334,0,0,23451,20718,20876,-2733,-11.65408724574645,-2575,-10.98034198968061,158,0.76262187469833
11,true,tri-2026-09-28T09-13-29-570Z_h1_block11_order3,tri-2026-09-28T09-13-29-570Z_h2_block11_order2,tri-2026-09-28T09-13-29-570Z_h3_block11_order1,3.899999998509884,3.699999999254942,4.600000001490116,-0.19999999925494194,-5.128205111060465,0.7000000029802322,17.948718031992026,0.9000000022351742,24.324324389632554,18.699999999254942,24.800000000745058,28.600000001490116,6.100000001490116,32.62032086488319,9.900000002235174,52.941176484650356,3.800000000745058,15.322580647705225,429.5,134.59999999776483,131.10000000149012,-294.9000000022352,-68.66123399353555,-298.3999999985099,-69.4761350403981,-3.4999999962747097,-2.6002971740957137,48,32,36,-16,-33.33333333333333,-12,-25,4,12.5,419.69999999925494,116.90000000223517,115.10000000149012,-302.79999999701977,-72.14677150287284,-304.5999999977648,-72.57564927288672,-1.800000000745058,-1.5397775882896847,6,1,1,-5,-83.33333333333334,-5,-83.33333333333334,0,0,23451,20718,20876,-2733,-11.65408724574645,-2575,-10.98034198968061,158,0.76262187469833
12,true,tri-2026-09-28T09-13-29-570Z_h1_block12_order2,tri-2026-09-28T09-13-29-570Z_h2_block12_order3,tri-2026-09-28T09-13-29-570Z_h3_block12_order1,3.800000000745058,4,4.699999999254942,0.19999999925494194,5.263157874098115,0.8999999985098839,23.684210482458493,0.6999999992549419,17.49999998137355,28.800000000745058,26.200000002980232,29.5,-2.599999997764826,-9.027777769783206,0.6999999992549419,2.4305555529056697,3.2999999970197678,12.595419834520591,428.8999999985099,134.20000000298023,131.90000000223517,-294.69999999552965,-68.71065516357042,-296.9999999962747,-69.24691070116731,-2.300000000745058,-1.7138599110983466,36,32,36,-4,-11.11111111111111,0,0,4,12.5,419.30000000074506,115.90000000223517,115.09999999776483,-303.3999999985099,-72.35869305937771,-304.20000000298023,-72.54948724122102,-0.8000000044703484,-0.6902502195469543,6,1,1,-5,-83.33333333333334,-5,-83.33333333333334,0,0,23451,20718,20876,-2733,-11.65408724574645,-2575,-10.98034198968061,158,0.76262187469833
13,true,tri-2026-09-28T09-13-29-570Z_h1_block13_order1,tri-2026-09-28T09-13-29-570Z_h2_block13_order2,tri-2026-09-28T09-13-29-570Z_h3_block13_order3,3.800000000745058,4,5.100000001490116,0.19999999925494194,5.263157874098115,1.300000000745058,34.21052632868868,1.1000000014901161,27.500000037252903,28.700000002980232,26.599999997764826,21.100000001490116,-2.1000000052154064,-7.317073188144044,-7.600000001490116,-26.48083623937605,-5.49999999627471,-20.6766917170559,431.70000000298023,135,132.20000000298023,-296.70000000298023,-68.72828353044521,-299.5,-69.37688209356784,-2.7999999970197678,-2.074074071866495,36,32,52,-4,-11.11111111111111,16,44.44444444444444,20,62.5,421.5,116.10000000149012,114.5,-305.3999999985099,-72.45551601388135,-307,-72.83511269276394,-1.6000000014901161,-1.378122309620655,6,1,1,-5,-83.33333333333334,-5,-83.33333333333334,0,0,23451,20718,20876,-2733,-11.65408724574645,-2575,-10.98034198968061,158,0.76262187469833
14,true,tri-2026-09-28T09-13-29-570Z_h1_block14_order3,tri-2026-09-28T09-13-29-570Z_h2_block14_order2,tri-2026-09-28T09-13-29-570Z_h3_block14_order1,3.600000001490116,3.899999998509884,4.600000001490116,0.29999999701976776,8.33333324709976,1,27.77777776627997,0.7000000029802322,17.948718031992026,28.300000000745058,26.399999998509884,25.699999999254942,-1.9000000022351742,-6.713780926449303,-2.600000001490116,-9.187279156967017,-0.6999999992549419,-2.6515151488426234,430,135.19999999925494,133.10000000149012,-294.80000000074506,-68.558139535057,-296.8999999985099,-69.04651162756043,-2.099999997764826,-1.5532544362251468,36,32,32,-4,-11.11111111111111,-4,-11.11111111111111,0,0,421.5,116.5,116.60000000149012,-305,-72.3606168446026,-304.8999999985099,-72.33689205184102,0.10000000149011612,0.08583691115031426,6,1,1,-5,-83.33333333333334,-5,-83.33333333333334,0,0,23451,20718,20876,-2733,-11.65408724574645,-2575,-10.98034198968061,158,0.76262187469833
15,true,tri-2026-09-28T09-13-29-570Z_h1_block15_order3,tri-2026-09-28T09-13-29-570Z_h2_block15_order1,tri-2026-09-28T09-13-29-570Z_h3_block15_order2,3.900000002235174,3.699999999254942,4.5,-0.20000000298023224,-5.128205201682254,0.5999999977648258,15.384615318485972,0.8000000007450581,21.621621646112207,28,26.699999999254942,20.899999998509884,-1.300000000745058,-4.6428571455180645,-7.100000001490116,-25.3571428624647,-5.800000000745058,-21.722846445344217,430.5,137.59999999776483,133.10000000149012,-292.9000000022352,-68.03716608646579,-297.3999999985099,-69.08246225284782,-4.49999999627471,-3.2703488345550933,36,32,48,-4,-11.11111111111111,12,33.33333333333333,16,50,421.1000000014901,116.80000000074506,115.30000000074506,-304.30000000074506,-72.26312039887634,-305.80000000074506,-72.61933032525836,-1.5,-1.2842465753342736,6,1,1,-5,-83.33333333333334,-5,-83.33333333333334,0,0,23451,20718,20876,-2733,-11.65408724574645,-2575,-10.98034198968061,158,0.76262187469833
16,true,tri-2026-09-28T09-13-29-570Z_h1_block16_order1,tri-2026-09-28T09-13-29-570Z_h2_block16_order3,tri-2026-09-28T09-13-29-570Z_h3_block16_order2,3.7999999970197678,3.800000000745058,4.400000002235174,3.725290298461914e-9,9.80339552995672e-8,0.6000000052154064,15.7894738338413,0.6000000014901161,15.789473720328298,18.699999999254942,21.399999998509884,21.5,2.699999999254942,14.438502670387793,2.800000000745058,14.973262036666405,0.10000000149011612,0.4672897266218658,429.5999999977648,136.19999999925494,131.80000000074506,-293.3999999985099,-68.29608938548334,-297.79999999701977,-69.32029795124981,-4.399999998509884,-3.230543317572653,44,48,52,4,9.090909090909092,8,18.181818181818183,4,8.333333333333332,420.30000000074506,118.79999999701977,115.89999999850988,-301.5000000037253,-71.73447537549151,-304.4000000022352,-72.42445872036535,-2.899999998509884,-2.441077439884372,6,1,1,-5,-83.33333333333334,-5,-83.33333333333334,0,0,23451,20718,20876,-2733,-11.65408724574645,-2575,-10.98034198968061,158,0.76262187469833
17,true,tri-2026-09-28T09-13-29-570Z_h1_block17_order2,tri-2026-09-28T09-13-29-570Z_h2_block17_order3,tri-2026-09-28T09-13-29-570Z_h3_block17_order1,3.5,3.800000000745058,5.400000002235174,0.30000000074505806,8.571428592715945,1.9000000022351742,54.28571434957641,1.6000000014901161,42.105263188852824,18.300000000745058,19.800000000745058,22.5,1.5,8.196721311141692,4.199999999254942,22.950819667125383,2.699999999254942,13.636363632087592,432.19999999925494,136.10000000149012,135.10000000149012,-296.0999999977648,-68.50994909724092,-297.0999999977648,-68.74132346096182,-1,-0.734753857449707,48,48,52,0,0,4,8.333333333333332,4,8.333333333333332,420,116.89999999850988,116.39999999850988,-303.1000000014901,-72.16666666702145,-303.6000000014901,-72.28571428606908,-0.5,-0.4277159965837241,6,1,1,-5,-83.33333333333334,-5,-83.33333333333334,0,0,23451,20718,20876,-2733,-11.65408724574645,-2575,-10.98034198968061,158,0.76262187469833
18,true,tri-2026-09-28T09-13-29-570Z_h1_block18_order2,tri-2026-09-28T09-13-29-570Z_h2_block18_order3,tri-2026-09-28T09-13-29-570Z_h3_block18_order1,3.900000002235174,4.100000001490116,5.199999999254942,0.19999999925494194,5.128205106161991,1.2999999970197678,33.333333237813065,1.0999999977648258,26.829268228415575,28.400000002235174,26.900000002235174,31,-1.5,-5.281690140429384,2.599999997764826,9.154929568873934,4.099999997764826,15.241635678156687,428,139.90000000223517,133.39999999850988,-288.0999999977648,-67.31308411162729,-294.6000000014901,-68.83177570128274,-6.50000000372529,-4.646175842474225,36,32,36,-4,-11.11111111111111,0,0,4,12.5,418.69999999925494,117.60000000149012,115.80000000074506,-301.0999999977648,-71.91306424607133,-302.8999999985099,-72.34296632411007,-1.800000000745058,-1.5306122455121176,6,1,1,-5,-83.33333333333334,-5,-83.33333333333334,0,0,23451,20718,20876,-2733,-11.65408724574645,-2575,-10.98034198968061,158,0.76262187469833
19,true,tri-2026-09-28T09-13-29-570Z_h1_block19_order3,tri-2026-09-28T09-13-29-570Z_h2_block19_order2,tri-2026-09-28T09-13-29-570Z_h3_block19_order1,3.699999999254942,3.899999998509884,4.600000001490116,0.19999999925494194,5.405405386357172,0.9000000022351742,24.324324389632554,0.7000000029802322,17.948718031992026,18.600000001490116,22,22.100000001490116,3.399999998509884,18.279569882997297,3.5,18.817204299567752,0.10000000149011612,0.45454546131870965,431.69999999925494,135.80000000074506,134.39999999850988,-295.8999999985099,-68.54296965462603,-297.30000000074506,-68.86726893705308,-1.4000000022351742,-1.0309278366918213,48,48,44,0,0,-4,-8.333333333333332,-4,-8.333333333333332,420.5,118.79999999701977,116.19999999925494,-301.70000000298023,-71.74791914458507,-304.30000000074506,-72.36623067794174,-2.599999997764826,-2.188552186725631,6,1,1,-5,-83.33333333333334,-5,-83.33333333333334,0,0,23451,20718,20876,-2733,-11.65408724574645,-2575,-10.98034198968061,158,0.76262187469833
20,true,tri-2026-09-28T09-13-29-570Z_h1_block20_order2,tri-2026-09-28T09-13-29-570Z_h2_block20_order1,tri-2026-09-28T09-13-29-570Z_h3_block20_order3,3.800000000745058,4.199999999254942,4.5,0.3999999985098839,10.52631574819623,0.6999999992549419,18.42105260836038,0.30000000074505806,7.142857161863726,27.300000000745058,20.600000001490116,32,-6.699999999254942,-24.542124538725602,4.699999999254942,17.21611721291821,11.399999998509884,55.339805814006105,429.4000000022352,138.30000000074506,135.69999999925494,-291.1000000014901,-67.79226828131691,-293.70000000298023,-68.39776432264821,-2.600000001490116,-1.8799710784353645,36,48,40,12,33.33333333333333,4,11.11111111111111,-8,-16.666666666666664,419.80000000074506,116.39999999850988,117.39999999850988,-303.4000000022352,-72.27251071979435,-302.4000000022352,-72.03430204899917,1,0.85910652922062,6,1,1,-5,-83.33333333333334,-5,-83.33333333333334,0,0,23451,20718,20876,-2733,-11.65408724574645,-2575,-10.98034198968061,158,0.76262187469833
21,true,tri-2026-09-28T09-13-29-570Z_h1_block21_order2,tri-2026-09-28T09-13-29-570Z_h2_block21_order1,tri-2026-09-28T09-13-29-570Z_h3_block21_order3,4,4,4.600000001490116,0,0,0.6000000014901161,15.000000037252903,0.6000000014901161,15.000000037252903,27.900000002235174,26.599999997764826,22.100000001490116,-1.3000000044703484,-4.659498223534769,-5.800000000745058,-20.788530466954832,-4.49999999627471,-16.917293220499403,429.6000000014901,138.5,133.19999999925494,-291.1000000014901,-67.76070763512114,-296.4000000022352,-68.9944134081022,-5.300000000745058,-3.826714801981991,36,32,48,-4,-11.11111111111111,12,33.33333333333333,16,50,419.69999999925494,117.10000000149012,116.10000000149012,-302.5999999977648,-72.09911841751298,-303.5999999977648,-72.33738384519985,-1,-0.8539709649763236,6,1,1,-5,-83.33333333333334,-5,-83.33333333333334,0,0,23451,20718,20876,-2733,-11.65408724574645,-2575,-10.98034198968061,158,0.76262187469833
22,true,tri-2026-09-28T09-13-29-570Z_h1_block22_order2,tri-2026-09-28T09-13-29-570Z_h2_block22_order1,tri-2026-09-28T09-13-29-570Z_h3_block22_order3,4,6.399999998509884,4.5,2.399999998509884,59.9999999627471,0.5,12.5,-1.8999999985098839,-29.687499983629095,29.100000001490116,34,21.699999999254942,4.899999998509884,16.838487966525673,-7.400000002235174,-25.429553270983657,-12.300000000745058,-36.17647059042664,430.19999999925494,144.30000000074506,132.19999999925494,-285.8999999985099,-66.45746164551488,-298,-69.27010692713066,-12.100000001490116,-8.38530838629774,36,40,48,4,11.11111111111111,12,33.33333333333333,8,20,419.0999999977648,119.80000000074506,117,-299.29999999701977,-71.41493676893725,-302.0999999977648,-72.08303507501216,-2.800000000745058,-2.3372287151315896,6,1,1,-5,-83.33333333333334,-5,-83.33333333333334,0,0,23451,20718,20876,-2733,-11.65408724574645,-2575,-10.98034198968061,158,0.76262187469833
23,true,tri-2026-09-28T09-13-29-570Z_h1_block23_order1,tri-2026-09-28T09-13-29-570Z_h2_block23_order3,tri-2026-09-28T09-13-29-570Z_h3_block23_order2,4.5,4,4.5,-0.5,-11.11111111111111,0,0,0.5,12.5,28.699999999254942,21,25.300000000745058,-7.699999999254942,-26.829268290783396,-3.399999998509884,-11.846689890585884,4.300000000745058,20.47619047973837,430,136.5,133.40000000223517,-293.5,-68.25581395348837,-296.5999999977648,-68.97674418552671,-3.099999997764826,-2.271062269424781,36,48,36,12,33.33333333333333,0,0,-12,-25,419.5999999977648,117,116.60000000149012,-302.5999999977648,-72.11630123912697,-302.9999999962747,-72.2116301234244,-0.3999999985098839,-0.34188034060673833,6,1,1,-5,-83.33333333333334,-5,-83.33333333333334,0,0,23451,20718,20876,-2733,-11.65408724574645,-2575,-10.98034198968061,158,0.76262187469833
24,true,tri-2026-09-28T09-13-29-570Z_h1_block24_order3,tri-2026-09-28T09-13-29-570Z_h2_block24_order2,tri-2026-09-28T09-13-29-570Z_h3_block24_order1,3.900000002235174,3.900000002235174,4.600000001490116,0,0,0.6999999992549419,17.9487179193271,0.6999999992549419,17.9487179193271,19.100000001490116,22.100000001490116,25.200000002980232,3,15.706806281497121,6.100000001490116,31.937172780179136,3.100000001490116,14.027149327063778,433.1000000014901,138.40000000223517,135,-294.69999999925494,-68.04433156274324,-298.1000000014901,-68.82936966069371,-3.400000002235174,-2.456647400419266,52,48,32,-4,-7.6923076923076925,-20,-38.46153846153847,-16,-33.33333333333333,421.8999999985099,119.10000000149012,118.19999999925494,-302.79999999701977,-71.77056174403631,-303.69999999925494,-71.983882436674,-0.9000000022351742,-0.7556675081644952,6,1,1,-5,-83.33333333333334,-5,-83.33333333333334,0,0,23451,20718,20876,-2733,-11.65408724574645,-2575,-10.98034198968061,158,0.76262187469833
25,true,tri-2026-09-28T09-13-29-570Z_h1_block25_order1,tri-2026-09-28T09-13-29-570Z_h2_block25_order3,tri-2026-09-28T09-13-29-570Z_h3_block25_order2,3.899999998509884,3.800000000745058,5.099999997764826,-0.09999999776482582,-2.5641025077701007,1.199999999254942,30.769230761883055,1.2999999970197678,34.21052623065472,19.399999998509884,26.300000000745058,24,6.900000002235174,35.567010323531775,4.600000001490116,23.711340215687848,-2.300000000745058,-8.745247150874148,430.19999999925494,135.5,135.69999999925494,-294.69999999925494,-68.50302185024763,-294.5,-68.45653184577174,0.19999999925494194,0.14760147546490182,52,32,52,-20,-38.46153846153847,0,0,20,62.5,421.6000000014901,116.60000000149012,117.90000000223517,-305,-72.34345351018075,-303.69999999925494,-72.03510436389506,1.300000000745058,1.1149228136607585,6,1,1,-5,-83.33333333333334,-5,-83.33333333333334,0,0,23451,20718,20876,-2733,-11.65408724574645,-2575,-10.98034198968061,158,0.76262187469833
26,true,tri-2026-09-28T09-13-29-570Z_h1_block26_order2,tri-2026-09-28T09-13-29-570Z_h2_block26_order1,tri-2026-09-28T09-13-29-570Z_h3_block26_order3,3.899999998509884,4.100000001490116,7.700000002980232,0.20000000298023224,5.128205206580729,3.8000000044703484,97.43589758775016,3.600000001490116,87.80487805321272,31.5,21.600000001490116,35.70000000298023,-9.899999998509884,-31.4285714238409,4.200000002980232,13.333333342794388,14.100000001490116,65.27777778017315,433,137.20000000298023,143.5,-295.79999999701977,-68.31408775912696,-289.5,-66.85912240184757,6.299999997019768,4.591836732421953,40,44,68,4,10,28,70,24,54.54545454545454,424.4000000022352,117.80000000074506,125.39999999850988,-306.6000000014901,-72.24316682372181,-299.0000000037253,-70.45240339353218,7.599999997764826,6.451612901287571,6,1,1,-5,-83.33333333333334,-5,-83.33333333333334,0,0,23451,20718,20876,-2733,-11.65408724574645,-2575,-10.98034198968061,158,0.76262187469833
27,true,tri-2026-09-28T09-13-29-570Z_h1_block27_order3,tri-2026-09-28T09-13-29-570Z_h2_block27_order1,tri-2026-09-28T09-13-29-570Z_h3_block27_order2,4.199999999254942,4.099999997764826,5.100000001490116,-0.10000000149011612,-2.3809524168537046,0.9000000022351742,21.428571485591178,1.0000000037252903,24.390244006596458,28.199999999254942,31,35.400000002235174,2.800000000745058,9.929078017088779,7.200000002980232,25.531914904859786,4.400000002235174,14.193548394307012,430.69999999925494,137.09999999776483,134.5,-293.6000000014901,-68.16809844485675,-296.19999999925494,-68.77176689105347,-2.599999997764826,-1.8964259648484423,36,36,44,0,0,8,22.22222222222222,8,22.22222222222222,421.5,118.59999999776483,118.60000000149012,-302.9000000022352,-71.86239620456351,-302.8999999985099,-71.8623962036797,3.725290298461914e-9,3.141054214613931e-9,6,1,1,-5,-83.33333333333334,-5,-83.33333333333334,0,0,23451,20718,20876,-2733,-11.65408724574645,-2575,-10.98034198968061,158,0.76262187469833
28,true,tri-2026-09-28T09-13-29-570Z_h1_block28_order1,tri-2026-09-28T09-13-29-570Z_h2_block28_order3,tri-2026-09-28T09-13-29-570Z_h3_block28_order2,4.5,4,4.5,-0.5,-11.11111111111111,0,0,0.5,12.5,30.099999997764826,27,23.5,-3.099999997764826,-10.299003315598094,-6.599999997764826,-21.926910293205747,-3.5,-12.962962962962962,431.8999999985099,134.69999999925494,130.80000000074506,-297.19999999925494,-68.81222505216029,-301.0999999977648,-69.71521185431898,-3.899999998509884,-2.8953229387761366,40,32,36,-8,-20,-4,-10,4,12.5,420.30000000074506,116.69999999925494,117.20000000298023,-303.6000000014901,-72.23411848702163,-303.0999999977648,-72.11515584040626,0.5000000037252903,0.4284490177621958,6,1,1,-5,-83.33333333333334,-5,-83.33333333333334,0,0,23451,20718,20876,-2733,-11.65408724574645,-2575,-10.98034198968061,158,0.76262187469833
29,true,tri-2026-09-28T09-13-29-570Z_h1_block29_order1,tri-2026-09-28T09-13-29-570Z_h2_block29_order2,tri-2026-09-28T09-13-29-570Z_h3_block29_order3,4,3.800000000745058,4.300000000745058,-0.19999999925494194,-4.9999999813735485,0.30000000074505806,7.5000000186264515,0.5,13.157894734262266,19.399999998509884,21.699999999254942,23.599999997764826,2.300000000745058,11.855670107843924,4.199999999254942,21.649484533904868,1.8999999985098839,8.755760362097325,430.5999999977648,139.80000000074506,132,-290.79999999701977,-67.53367394299332,-298.5999999977648,-69.34509986050043,-7.800000000745058,-5.579399142134111,48,48,36,0,0,-12,-25,-12,-25,419.69999999925494,117.60000000149012,116.19999999925494,-302.0999999977648,-71.97998570366956,-303.5,-72.31355730296373,-1.4000000022351742,-1.1904761923617642,6,1,1,-5,-83.33333333333334,-5,-83.33333333333334,0,0,23451,20718,20876,-2733,-11.65408724574645,-2575,-10.98034198968061,158,0.76262187469833
30,true,tri-2026-09-28T09-13-29-570Z_h1_block30_order2,tri-2026-09-28T09-13-29-570Z_h2_block30_order3,tri-2026-09-28T09-13-29-570Z_h3_block30_order1,3.7999999970197678,4,4.800000000745058,0.20000000298023224,5.263157977291752,1.0000000037252903,26.315789592356893,0.8000000007450581,20.00000001862645,19.199999999254942,28.899999998509884,24.200000002980232,9.699999999254942,50.520833331413286,5.00000000372529,26.04166668707977,-4.699999995529652,-16.262975763916916,432.79999999701977,132.80000000074506,130,-299.9999999962747,-69.31608133048532,-302.79999999701977,-69.96303142308336,-2.800000000745058,-2.1084337354889673,44,36,36,-8,-18.181818181818183,-8,-18.181818181818183,0,0,421.69999999925494,116,116.20000000298023,-305.69999999925494,-72.49229309931113,-305.4999999962747,-72.44486601774116,0.20000000298023224,0.172413795672614,6,1,1,-5,-83.33333333333334,-5,-83.33333333333334,0,0,23451,20718,20876,-2733,-11.65408724574645,-2575,-10.98034198968061,158,0.76262187469833
