pair_id,h1_run_id,h2_run_id,pair_valid,h1_nav_ttfb_ms,h2_nav_ttfb_ms,diff_nav_ttfb_ms,relative_nav_ttfb_ms_pct,h1_dom_content_loaded_ms,h2_dom_content_loaded_ms,diff_dom_content_loaded_ms,relative_dom_content_loaded_ms_pct,h1_load_ms,h2_load_ms,diff_load_ms,relative_load_ms_pct,h1_lcp_candidate_ms,h2_lcp_candidate_ms,diff_lcp_candidate_ms,relative_lcp_candidate_ms_pct,h1_resource_completion_span_ms,h2_resource_completion_span_ms,diff_resource_completion_span_ms,relative_resource_completion_span_ms_pct,h1_unique_connection_count,h2_unique_connection_count,diff_unique_connection_count,relative_unique_connection_count_pct,h1_total_encoded_bytes,h2_total_encoded_bytes,diff_total_encoded_bytes,relative_total_encoded_bytes_pct
1,2026-09-25T05-16-55-388Z_h1_pair01_order1,2026-09-25T05-16-56-644Z_h2_pair01_order2,true,6.199999999254942,6.199999999254942,0,0,31.899999999441206,26.09999999962747,-5.7999999998137355,-18.18181818155277,440.29999999981374,135.8999999994412,-304.40000000037253,-69.13468089950064,40,32,-8,-20,427,114.90000000037253,-312.09999999962747,-73.09133489452634,6,1,-5,-83.33333333333334,23306,20573,-2733,-11.72659401012615
2,2026-09-25T05-16-57-590Z_h1_pair02_order1,2026-09-25T05-16-58-761Z_h2_pair02_order2,true,6.1000000005587935,6,-0.10000000055879354,-1.639344271305459,35,26.5,-8.5,-24.285714285714285,436.80000000074506,134.79999999981374,-302.0000000009313,-69.13919413928942,44,32,-12,-27.27272727272727,425,114.90000000037253,-310.09999999962747,-72.96470588226529,6,1,-5,-83.33333333333334,23306,20573,-2733,-11.72659401012615
3,2026-09-25T05-17-00-512Z_h1_pair03_order2,2026-09-25T05-16-59-631Z_h2_pair03_order1,true,6.3999999994412065,6,-0.39999999944120646,-6.249999991814548,30.199999999254942,26.299999999813735,-3.8999999994412065,-12.913907283236497,440.3999999994412,136.5,-303.8999999994412,-69.00544959124133,36,32,-4,-11.11111111111111,428.20000000018626,114.90000000037253,-313.29999999981374,-73.16674451183499,6,1,-5,-83.33333333333334,23306,20573,-2733,-11.72659401012615
4,2026-09-25T05-17-01-702Z_h1_pair04_order1,2026-09-25T05-17-02-883Z_h2_pair04_order2,true,5.5,5.7999999998137355,0.2999999998137355,5.454545451158827,25.5,27,1.5,5.88235294117647,437.20000000018626,133.09999999962747,-304.1000000005588,-69.55626715471848,48,32,-16,-33.33333333333333,425.59999999962747,112.79999999981374,-312.79999999981374,-73.49624060152432,6,1,-5,-83.33333333333334,23306,20573,-2733,-11.72659401012615
5,2026-09-25T05-17-04-627Z_h1_pair05_order2,2026-09-25T05-17-03-759Z_h2_pair05_order1,true,6.199999999254942,6,-0.19999999925494194,-3.2258064399834847,30.299999999813735,25.5,-4.7999999998137355,-15.841584157898492,434.09999999962747,135.29999999981374,-298.79999999981374,-68.8320663441765,36,32,-4,-11.11111111111111,423,113.6000000005588,-309.3999999994412,-73.14420803769296,6,1,-5,-83.33333333333334,23306,20573,-2733,-11.72659401012615
6,2026-09-25T05-17-05-807Z_h1_pair06_order1,2026-09-25T05-17-06-971Z_h2_pair06_order2,true,6.1000000005587935,7.5,1.3999999994412065,22.950819660868177,32.10000000055879,30.299999999813735,-1.800000000745058,-5.607476637737458,434.80000000074506,141.69999999925494,-293.1000000014901,-67.41030358808369,40,36,-4,-10,423.70000000018626,118.40000000037253,-305.29999999981374,-72.05569978750992,6,1,-5,-83.33333333333334,23306,20573,-2733,-11.72659401012615
7,2026-09-25T05-17-07-850Z_h1_pair07_order1,2026-09-25T05-17-09-033Z_h2_pair07_order2,true,6.8999999994412065,5.599999999627471,-1.2999999998137355,-18.84057970897124,37.5,24.899999999441206,-12.600000000558794,-33.600000001490116,442.59999999962747,133.3999999994412,-309.20000000018626,-69.85991866255004,44,32,-12,-27.27272727272727,430.29999999981374,113.3999999994412,-316.90000000037253,-73.64629328387397,6,1,-5,-83.33333333333334,23306,20573,-2733,-11.72659401012615
8,2026-09-25T05-17-09-901Z_h1_pair08_order1,2026-09-25T05-17-11-079Z_h2_pair08_order2,true,5.8999999994412065,5.900000000372529,9.313225746154785e-10,1.5785128384808216e-8,30.59999999962747,26.40000000037253,-4.199999999254942,-13.725490193810696,436.8999999994412,133,-303.8999999994412,-69.5582513160517,36,32,-4,-11.11111111111111,424.20000000018626,114.5,-309.70000000018626,-73.00801508723485,6,1,-5,-83.33333333333334,23306,20573,-2733,-11.72659401012615
9,2026-09-25T05-17-11-946Z_h1_pair09_order1,2026-09-25T05-17-13-129Z_h2_pair09_order2,true,6.2999999998137355,6.099999999627471,-0.20000000018626451,-3.1746031776536143,27.09999999962747,27.40000000037253,0.30000000074505806,1.1070110728752103,435.5,134.90000000037253,-300.59999999962747,-69.02411021805452,52,32,-20,-38.46153846153847,423.90000000037253,114.3999999994412,-309.5000000009313,-73.01250294896423,6,1,-5,-83.33333333333334,23306,20573,-2733,-11.72659401012615
10,2026-09-25T05-17-14-877Z_h1_pair10_order2,2026-09-25T05-17-14-008Z_h2_pair10_order1,true,6.5,6.3999999994412065,-0.10000000055879354,-1.5384615470583622,28.799999999813735,27.09999999962747,-1.7000000001862645,-5.902777778462706,433.29999999981374,137.3999999994412,-295.90000000037253,-68.28986845153467,36,32,-4,-11.11111111111111,421.5,115.09999999962747,-306.40000000037253,-72.69276393840393,6,1,-5,-83.33333333333334,23306,20573,-2733,-11.72659401012615
11,2026-09-25T05-17-16-919Z_h1_pair11_order2,2026-09-25T05-17-16-054Z_h2_pair11_order1,true,5.900000000372529,5.7000000001862645,-0.20000000018626451,-3.3898305114175664,24.300000000745058,25.200000000186265,0.8999999994412065,3.703703701290583,437.40000000037253,137.80000000074506,-299.59999999962747,-68.49565614983362,48,32,-16,-33.33333333333333,425,113.59999999962747,-311.40000000037253,-73.27058823538178,6,1,-5,-83.33333333333334,23306,20573,-2733,-11.72659401012615
12,2026-09-25T05-17-18-100Z_h1_pair12_order1,2026-09-25T05-17-19-281Z_h2_pair12_order2,true,5.7999999998137355,6.300000000745058,0.5000000009313226,8.62068967150655,21.399999999441206,26.700000000186265,5.300000000745058,24.76635514431519,440.69999999925494,133.40000000037253,-307.2999999988824,-69.72997503957384,52,32,-20,-38.46153846153847,427.59999999962747,113.80000000074506,-313.7999999988824,-73.38634237585497,6,1,-5,-83.33333333333334,23306,20573,-2733,-11.72659401012615
13,2026-09-25T05-17-20-147Z_h1_pair13_order1,2026-09-25T05-17-21-322Z_h2_pair13_order2,true,6.1000000005587935,6.2000000001862645,0.09999999962747097,1.639344256037876,29.100000000558794,24.90000000037253,-4.2000000001862645,-14.432989691084583,435.20000000018626,133.6000000005588,-301.59999999962747,-69.30147058812003,36,32,-4,-11.11111111111111,423.20000000018626,114.59999999962747,-308.6000000005588,-72.92060491503378,6,1,-5,-83.33333333333334,23306,20573,-2733,-11.72659401012615
14,2026-09-25T05-17-22-191Z_h1_pair14_order1,2026-09-25T05-17-23-373Z_h2_pair14_order2,true,5.900000000372529,6.5,0.599999999627471,10.16949151846757,24.299999999813735,32.5,8.200000000186265,33.74485596810337,434.90000000037253,143.3999999994412,-291.5000000009313,-67.02690273641794,52,40,-12,-23.076923076923077,423.5,118.90000000037253,-304.59999999962747,-71.9244391970785,6,1,-5,-83.33333333333334,23306,20573,-2733,-11.72659401012615
15,2026-09-25T05-17-25-151Z_h1_pair15_order2,2026-09-25T05-17-24-273Z_h2_pair15_order1,true,5.7999999998137355,5.8999999994412065,0.09999999962747097,1.7241379246669384,40.09999999962747,26.899999999441206,-13.200000000186265,-32.91770573643115,449.5,135.69999999925494,-313.80000000074506,-69.8109010012781,48,32,-16,-33.33333333333333,426,113.90000000037253,-312.09999999962747,-73.26291079803462,6,1,-5,-83.33333333333334,23306,20573,-2733,-11.72659401012615
16,2026-09-25T05-17-27-215Z_h1_pair16_order2,2026-09-25T05-17-26-331Z_h2_pair16_order1,true,5.900000000372529,5.800000000745058,-0.09999999962747097,-1.6949152478162188,28.5,27,-1.5,-5.263157894736842,434.90000000037253,137.1000000005588,-297.79999999981374,-68.47551161176331,36,32,-4,-11.11111111111111,423.40000000037253,114.40000000037253,-309,-72.98063297112142,6,1,-5,-83.33333333333334,23306,20573,-2733,-11.72659401012615
17,2026-09-25T05-17-28-378Z_h1_pair17_order1,2026-09-25T05-17-29-558Z_h2_pair17_order2,true,6,6.2000000001862645,0.20000000018626451,3.3333333364377418,28.59999999962747,26.899999999441206,-1.7000000001862645,-5.944055944784643,433.3999999994412,135.8999999994412,-297.5,-68.64328564845029,36,32,-4,-11.11111111111111,422.1000000005588,114.19999999925494,-307.90000000130385,-72.94479981068378,6,1,-5,-83.33333333333334,23306,20573,-2733,-11.72659401012615
18,2026-09-25T05-17-30-428Z_h1_pair18_order1,2026-09-25T05-17-31-601Z_h2_pair18_order2,true,6.599999999627471,6,-0.599999999627471,-9.090909085777838,28.399999999441206,26.59999999962747,-1.7999999998137355,-6.33802816848293,436.29999999981374,135.3999999994412,-300.90000000037253,-68.96630758663787,36,32,-4,-11.11111111111111,424.8999999994412,113.5,-311.3999999994412,-73.28783243112514,6,1,-5,-83.33333333333334,23306,20573,-2733,-11.72659401012615
19,2026-09-25T05-17-33-349Z_h1_pair19_order2,2026-09-25T05-17-32-478Z_h2_pair19_order1,true,7.7000000001862645,6.5,-1.2000000001862645,-15.584415586457615,34.59999999962747,26.299999999813735,-8.299999999813735,-23.98843930607832,443.5,133.09999999962747,-310.40000000037253,-69.98872604292504,44,32,-12,-27.27272727272727,429.3999999994412,114,-315.3999999994412,-73.45132743359378,6,1,-5,-83.33333333333334,23306,20573,-2733,-11.72659401012615
20,2026-09-25T05-17-34-531Z_h1_pair20_order1,2026-09-25T05-17-35-713Z_h2_pair20_order2,true,6,6.1000000005587935,0.10000000055879354,1.6666666759798925,33.700000000186265,26.299999999813735,-7.400000000372529,-21.95845697427783,438.79999999981374,133.90000000037253,-304.8999999994412,-69.48495897893588,40,32,-8,-20,427,114.70000000018626,-312.29999999981374,-73.1381733020641,6,1,-5,-83.33333333333334,23306,20573,-2733,-11.72659401012615
21,2026-09-25T05-17-36-592Z_h1_pair21_order1,2026-09-25T05-17-37-771Z_h2_pair21_order2,true,6.2999999998137355,5.8999999994412065,-0.40000000037252903,-6.349206355307229,25,26.699999999254942,1.699999999254942,6.799999997019768,433.90000000037253,134.5,-299.40000000037253,-69.00207421067422,56,32,-24,-42.857142857142854,422.09999999962747,112.1000000005588,-309.9999999990687,-73.44231224812657,6,1,-5,-83.33333333333334,23306,20573,-2733,-11.72659401012615
22,2026-09-25T05-17-38-644Z_h1_pair22_order1,2026-09-25T05-17-39-822Z_h2_pair22_order2,true,6.5,6.199999999254942,-0.30000000074505806,-4.615384626847048,24.899999999441206,25.399999999441206,0.5,2.0080321285591194,433.20000000018626,135.09999999962747,-298.1000000005588,-68.8134810711982,56,32,-24,-42.857142857142854,421.79999999981374,114.29999999981374,-307.5,-72.90184921767089,6,1,-5,-83.33333333333334,23306,20573,-2733,-11.72659401012615
23,2026-09-25T05-17-41-568Z_h1_pair23_order2,2026-09-25T05-17-40-704Z_h2_pair23_order1,true,6.099999999627471,6.2000000001862645,0.10000000055879354,1.6393442715557471,32.89999999944121,26.90000000037253,-5.999999999068677,-18.237082064348282,435.19999999925494,134,-301.19999999925494,-69.2095588234767,40,32,-8,-20,423.59999999962747,112.70000000018626,-310.8999999994412,-73.39471199237833,6,1,-5,-83.33333333333334,23306,20573,-2733,-11.72659401012615
24,2026-09-25T05-17-43-074Z_h1_pair24_order1,2026-09-25T05-17-44-267Z_h2_pair24_order2,true,6.2999999998137355,6.099999999627471,-0.20000000018626451,-3.1746031776536143,33.09999999962747,25.90000000037253,-7.199999999254942,-21.752265859021076,447.19999999925494,132.29999999981374,-314.8999999994412,-70.41592128800667,40,32,-8,-20,430.5,113.79999999981374,-316.70000000018626,-73.56562137054269,6,1,-5,-83.33333333333334,23306,20573,-2733,-11.72659401012615
25,2026-09-25T05-17-46-568Z_h1_pair25_order2,2026-09-25T05-17-45-136Z_h2_pair25_order1,true,7.2999999998137355,7,-0.2999999998137355,-4.1095890386491805,25.799999999813735,30.40000000037253,4.6000000005587935,17.829457366635673,444.79999999981374,141.30000000074506,-303.4999999990687,-68.23291366888394,56,36,-20,-35.714285714285715,429.8999999994412,116.20000000018626,-313.69999999925494,-72.97045824602529,6,1,-5,-83.33333333333334,23306,20573,-2733,-11.72659401012615
26,2026-09-25T05-17-47-891Z_h1_pair26_order1,2026-09-25T05-17-49-077Z_h2_pair26_order2,true,6,5.7000000001862645,-0.2999999998137355,-4.999999996895591,29.299999999813735,26.200000000186265,-3.099999999627471,-10.580204776952828,434.59999999962747,139.1000000005588,-295.4999999990687,-67.99355729390749,36,32,-4,-11.11111111111111,423,115.29999999981374,-307.70000000018626,-72.74231678491401,6,1,-5,-83.33333333333334,23306,20573,-2733,-11.72659401012615
27,2026-09-25T05-17-49-956Z_h1_pair27_order1,2026-09-25T05-17-51-134Z_h2_pair27_order2,true,5.8999999994412065,6.1000000005587935,0.2000000011175871,3.389830527737784,30.899999999441206,27.100000000558794,-3.799999998882413,-12.29773462443732,434.09999999962747,134.79999999981374,-299.29999999981374,-68.94724717808583,36,32,-4,-11.11111111111111,422.70000000018626,114.5,-308.20000000018626,-72.91223089662893,6,1,-5,-83.33333333333334,23306,20573,-2733,-11.72659401012615
28,2026-09-25T05-17-52-869Z_h1_pair28_order2,2026-09-25T05-17-51-999Z_h2_pair28_order1,true,6.099999999627471,5.900000000372529,-0.19999999925494194,-3.278688512576328,29,26.600000000558794,-2.3999999994412065,-8.275862067038643,439.09999999962747,132.40000000037253,-306.69999999925494,-69.84741516727742,36,32,-4,-11.11111111111111,426.29999999981374,113.5,-312.79999999981374,-73.37555711938785,6,1,-5,-83.33333333333334,23306,20573,-2733,-11.72659401012615
29,2026-09-25T05-17-54-911Z_h1_pair29_order2,2026-09-25T05-17-54-042Z_h2_pair29_order1,true,6.599999999627471,6.099999999627471,-0.5,-7.57575757618518,29.40000000037253,25.5,-3.900000000372529,-13.265306123548,438.20000000018626,134.59999999962747,-303.6000000005588,-69.28343222282741,36,32,-4,-11.11111111111111,423.79999999981374,112.5,-311.29999999981374,-73.454459650767,6,1,-5,-83.33333333333334,23306,20573,-2733,-11.72659401012615
30,2026-09-25T05-17-56-965Z_h1_pair30_order2,2026-09-25T05-17-56-092Z_h2_pair30_order1,true,6.5,5.900000000372529,-0.599999999627471,-9.230769225038014,28.90000000037253,26.5,-2.400000000372529,-8.304498271078174,438.1000000005588,133.90000000037253,-304.20000000018626,-69.43620178036937,36,32,-4,-11.11111111111111,423.5,113.6000000005588,-309.8999999994412,-73.17591499396487,6,1,-5,-83.33333333333334,23306,20573,-2733,-11.72659401012615
