run_id,timestamp,block_id,order_in_block,condition,valid,invalid_reason,test_request_count,unexpected_request_count,failed_request_count,document_protocol,protocol_set,unique_connection_count,nav_ttfb_ms,dom_content_loaded_ms,load_ms,lcp_candidate_ms,resource_completion_span_ms,total_encoded_bytes
tri-2026-09-28T09-13-29-570Z_h1_block01_order1,2026-09-28T09:13:45.509Z,1,1,h1,true,,28,0,0,http/1.1,http/1.1,6,3.900000002235174,29.300000000745058,433.5,36,423.1000000014901,23451
tri-2026-09-28T09-13-29-570Z_h2_block01_order2,2026-09-28T09:13:46.445Z,1,2,h2,true,,28,0,0,h2,h2,1,4,26.699999999254942,137,32,117.09999999776483,20718
tri-2026-09-28T09-13-29-570Z_h3_block01_order3,2026-09-28T09:13:47.377Z,1,3,h3,true,,28,0,0,h3,h3,1,4.300000000745058,27.399999998509884,132.60000000149012,36,116.60000000149012,20876
tri-2026-09-28T09-13-29-570Z_h1_block02_order1,2026-09-28T09:13:48.531Z,2,1,h1,true,,28,0,0,http/1.1,http/1.1,6,4.199999999254942,28.199999999254942,429.6000000014901,36,420.1000000014901,23451
tri-2026-09-28T09-13-29-570Z_h2_block02_order2,2026-09-28T09:13:49.400Z,2,2,h2,true,,28,0,0,h2,h2,1,4.099999997764826,25.800000000745058,136.09999999776483,32,116.19999999925494,20718
tri-2026-09-28T09-13-29-570Z_h3_block02_order3,2026-09-28T09:13:50.257Z,2,3,h3,true,,28,0,0,h3,h3,1,4.800000000745058,21.399999998509884,132.39999999850988,52,115.80000000074506,20876
tri-2026-09-28T09-13-29-570Z_h2_block03_order1,2026-09-28T09:13:51.112Z,3,1,h2,true,,28,0,0,h2,h2,1,4,28.800000000745058,137.30000000074506,36,117.70000000298023,20718
tri-2026-09-28T09-13-29-570Z_h3_block03_order2,2026-09-28T09:13:51.967Z,3,2,h3,true,,28,0,0,h3,h3,1,4.599999997764826,23.599999997764826,131.59999999776483,32,115.39999999850988,20876
tri-2026-09-28T09-13-29-570Z_h1_block03_order3,2026-09-28T09:13:53.141Z,3,3,h1,true,,28,0,0,http/1.1,http/1.1,6,4,32,432,40,422.3999999985099,23451
tri-2026-09-28T09-13-29-570Z_h1_block04_order1,2026-09-28T09:13:54.304Z,4,1,h1,true,,28,0,0,http/1.1,http/1.1,6,3.699999999254942,28.800000000745058,434.0999999977648,36,423.4000000022352,23451
tri-2026-09-28T09-13-29-570Z_h3_block04_order2,2026-09-28T09:13:55.155Z,4,2,h3,true,,28,0,0,h3,h3,1,4.600000001490116,21.800000000745058,132.69999999925494,48,116.60000000149012,20876
tri-2026-09-28T09-13-29-570Z_h2_block04_order3,2026-09-28T09:13:56.009Z,4,3,h2,true,,28,0,0,h2,h2,1,4.400000002235174,20.600000001490116,135.20000000298023,44,116.20000000298023,20718
tri-2026-09-28T09-13-29-570Z_h3_block05_order1,2026-09-28T09:13:56.878Z,5,1,h3,true,,28,0,0,h3,h3,1,4.599999997764826,22.5,132.30000000074506,48,115.90000000223517,20876
tri-2026-09-28T09-13-29-570Z_h2_block05_order2,2026-09-28T09:13:57.745Z,5,2,h2,true,,28,0,0,h2,h2,1,4,26.700000002980232,133.10000000149012,32,117.29999999701977,20718
tri-2026-09-28T09-13-29-570Z_h1_block05_order3,2026-09-28T09:13:58.900Z,5,3,h1,true,,28,0,0,http/1.1,http/1.1,6,3.699999999254942,28.400000002235174,430.80000000074506,36,421.30000000074506,23451
tri-2026-09-28T09-13-29-570Z_h2_block06_order1,2026-09-28T09:13:59.772Z,6,1,h2,true,,28,0,0,h2,h2,1,4,21.5,141.5,52,118.39999999850988,20718
tri-2026-09-28T09-13-29-570Z_h1_block06_order2,2026-09-28T09:14:00.933Z,6,2,h1,true,,28,0,0,http/1.1,http/1.1,6,3.600000001490116,27.800000000745058,430.4000000022352,36,419.5,23451
tri-2026-09-28T09-13-29-570Z_h3_block06_order3,2026-09-28T09:14:01.782Z,6,3,h3,true,,28,0,0,h3,h3,1,4.600000001490116,21.900000002235174,134.60000000149012,48,117.19999999925494,20876
tri-2026-09-28T09-13-29-570Z_h2_block07_order1,2026-09-28T09:14:02.650Z,7,1,h2,true,,28,0,0,h2,h2,1,3.899999998509884,26.100000001490116,139.80000000074506,32,118.39999999850988,20718
tri-2026-09-28T09-13-29-570Z_h3_block07_order2,2026-09-28T09:14:03.513Z,7,2,h3,true,,28,0,0,h3,h3,1,5,32.30000000074506,133.80000000074506,40,116.90000000223517,20876
tri-2026-09-28T09-13-29-570Z_h1_block07_order3,2026-09-28T09:14:04.675Z,7,3,h1,true,,28,0,0,http/1.1,http/1.1,6,3.800000000745058,27.300000000745058,430.70000000298023,36,419.80000000074506,23451
tri-2026-09-28T09-13-29-570Z_h3_block08_order1,2026-09-28T09:14:05.533Z,8,1,h3,true,,28,0,0,h3,h3,1,5.300000000745058,24.300000000745058,135.60000000149012,56,117.39999999850988,20876
tri-2026-09-28T09-13-29-570Z_h1_block08_order2,2026-09-28T09:14:06.698Z,8,2,h1,true,,28,0,0,http/1.1,http/1.1,6,3.5,17.699999999254942,430.69999999925494,52,421.6000000014901,23451
tri-2026-09-28T09-13-29-570Z_h2_block08_order3,2026-09-28T09:14:07.565Z,8,3,h2,true,,28,0,0,h2,h2,1,3.900000002235174,26.700000002980232,136,32,116.40000000223517,20718
tri-2026-09-28T09-13-29-570Z_h2_block09_order1,2026-09-28T09:14:08.433Z,9,1,h2,true,,28,0,0,h2,h2,1,3.699999999254942,26.199999999254942,133.39999999850988,32,116.10000000149012,20718
tri-2026-09-28T09-13-29-570Z_h3_block09_order2,2026-09-28T09:14:09.285Z,9,2,h3,true,,28,0,0,h3,h3,1,4.300000000745058,20.900000002235174,131.60000000149012,52,115.30000000074506,20876
tri-2026-09-28T09-13-29-570Z_h1_block09_order3,2026-09-28T09:14:10.449Z,9,3,h1,true,,28,0,0,http/1.1,http/1.1,6,3.7999999970197678,18.299999997019768,432.8999999985099,48,422.1000000014901,23451
tri-2026-09-28T09-13-29-570Z_h1_block10_order1,2026-09-28T09:14:11.599Z,10,1,h1,true,,28,0,0,http/1.1,http/1.1,6,3.899999998509884,17.899999998509884,429.69999999925494,48,420.19999999925494,23451
tri-2026-09-28T09-13-29-570Z_h2_block10_order2,2026-09-28T09:14:12.465Z,10,2,h2,true,,28,0,0,h2,h2,1,3.699999999254942,27.800000000745058,136.30000000074506,36,118.19999999925494,20718
tri-2026-09-28T09-13-29-570Z_h3_block10_order3,2026-09-28T09:14:13.326Z,10,3,h3,true,,28,0,0,h3,h3,1,4.399999998509884,20.899999998509884,132.19999999925494,48,114.90000000223517,20876
tri-2026-09-28T09-13-29-570Z_h3_block11_order1,2026-09-28T09:14:14.178Z,11,1,h3,true,,28,0,0,h3,h3,1,4.600000001490116,28.600000001490116,131.10000000149012,36,115.10000000149012,20876
tri-2026-09-28T09-13-29-570Z_h2_block11_order2,2026-09-28T09:14:15.046Z,11,2,h2,true,,28,0,0,h2,h2,1,3.699999999254942,24.800000000745058,134.59999999776483,32,116.90000000223517,20718
tri-2026-09-28T09-13-29-570Z_h1_block11_order3,2026-09-28T09:14:16.203Z,11,3,h1,true,,28,0,0,http/1.1,http/1.1,6,3.899999998509884,18.699999999254942,429.5,48,419.69999999925494,23451
tri-2026-09-28T09-13-29-570Z_h3_block12_order1,2026-09-28T09:14:17.059Z,12,1,h3,true,,28,0,0,h3,h3,1,4.699999999254942,29.5,131.90000000223517,36,115.09999999776483,20876
tri-2026-09-28T09-13-29-570Z_h1_block12_order2,2026-09-28T09:14:18.209Z,12,2,h1,true,,28,0,0,http/1.1,http/1.1,6,3.800000000745058,28.800000000745058,428.8999999985099,36,419.30000000074506,23451
tri-2026-09-28T09-13-29-570Z_h2_block12_order3,2026-09-28T09:14:19.072Z,12,3,h2,true,,28,0,0,h2,h2,1,4,26.200000002980232,134.20000000298023,32,115.90000000223517,20718
tri-2026-09-28T09-13-29-570Z_h1_block13_order1,2026-09-28T09:14:20.233Z,13,1,h1,true,,28,0,0,http/1.1,http/1.1,6,3.800000000745058,28.700000002980232,431.70000000298023,36,421.5,23451
tri-2026-09-28T09-13-29-570Z_h2_block13_order2,2026-09-28T09:14:21.099Z,13,2,h2,true,,28,0,0,h2,h2,1,4,26.599999997764826,135,32,116.10000000149012,20718
tri-2026-09-28T09-13-29-570Z_h3_block13_order3,2026-09-28T09:14:21.952Z,13,3,h3,true,,28,0,0,h3,h3,1,5.100000001490116,21.100000001490116,132.20000000298023,52,114.5,20876
tri-2026-09-28T09-13-29-570Z_h3_block14_order1,2026-09-28T09:14:22.824Z,14,1,h3,true,,28,0,0,h3,h3,1,4.600000001490116,25.699999999254942,133.10000000149012,32,116.60000000149012,20876
tri-2026-09-28T09-13-29-570Z_h2_block14_order2,2026-09-28T09:14:23.691Z,14,2,h2,true,,28,0,0,h2,h2,1,3.899999998509884,26.399999998509884,135.19999999925494,32,116.5,20718
tri-2026-09-28T09-13-29-570Z_h1_block14_order3,2026-09-28T09:14:24.854Z,14,3,h1,true,,28,0,0,http/1.1,http/1.1,6,3.600000001490116,28.300000000745058,430,36,421.5,23451
tri-2026-09-28T09-13-29-570Z_h2_block15_order1,2026-09-28T09:14:25.718Z,15,1,h2,true,,28,0,0,h2,h2,1,3.699999999254942,26.699999999254942,137.59999999776483,32,116.80000000074506,20718
tri-2026-09-28T09-13-29-570Z_h3_block15_order2,2026-09-28T09:14:26.576Z,15,2,h3,true,,28,0,0,h3,h3,1,4.5,20.899999998509884,133.10000000149012,48,115.30000000074506,20876
tri-2026-09-28T09-13-29-570Z_h1_block15_order3,2026-09-28T09:14:27.752Z,15,3,h1,true,,28,0,0,http/1.1,http/1.1,6,3.900000002235174,28,430.5,36,421.1000000014901,23451
tri-2026-09-28T09-13-29-570Z_h1_block16_order1,2026-09-28T09:14:28.909Z,16,1,h1,true,,28,0,0,http/1.1,http/1.1,6,3.7999999970197678,18.699999999254942,429.5999999977648,44,420.30000000074506,23451
tri-2026-09-28T09-13-29-570Z_h3_block16_order2,2026-09-28T09:14:29.764Z,16,2,h3,true,,28,0,0,h3,h3,1,4.400000002235174,21.5,131.80000000074506,52,115.89999999850988,20876
tri-2026-09-28T09-13-29-570Z_h2_block16_order3,2026-09-28T09:14:30.629Z,16,3,h2,true,,28,0,0,h2,h2,1,3.800000000745058,21.399999998509884,136.19999999925494,48,118.79999999701977,20718
tri-2026-09-28T09-13-29-570Z_h3_block17_order1,2026-09-28T09:14:31.494Z,17,1,h3,true,,28,0,0,h3,h3,1,5.400000002235174,22.5,135.10000000149012,52,116.39999999850988,20876
tri-2026-09-28T09-13-29-570Z_h1_block17_order2,2026-09-28T09:14:32.652Z,17,2,h1,true,,28,0,0,http/1.1,http/1.1,6,3.5,18.300000000745058,432.19999999925494,48,420,23451
tri-2026-09-28T09-13-29-570Z_h2_block17_order3,2026-09-28T09:14:33.520Z,17,3,h2,true,,28,0,0,h2,h2,1,3.800000000745058,19.800000000745058,136.10000000149012,48,116.89999999850988,20718
tri-2026-09-28T09-13-29-570Z_h3_block18_order1,2026-09-28T09:14:34.375Z,18,1,h3,true,,28,0,0,h3,h3,1,5.199999999254942,31,133.39999999850988,36,115.80000000074506,20876
tri-2026-09-28T09-13-29-570Z_h1_block18_order2,2026-09-28T09:14:35.524Z,18,2,h1,true,,28,0,0,http/1.1,http/1.1,6,3.900000002235174,28.400000002235174,428,36,418.69999999925494,23451
tri-2026-09-28T09-13-29-570Z_h2_block18_order3,2026-09-28T09:14:36.399Z,18,3,h2,true,,28,0,0,h2,h2,1,4.100000001490116,26.900000002235174,139.90000000223517,32,117.60000000149012,20718
tri-2026-09-28T09-13-29-570Z_h3_block19_order1,2026-09-28T09:14:37.264Z,19,1,h3,true,,28,0,0,h3,h3,1,4.600000001490116,22.100000001490116,134.39999999850988,44,116.19999999925494,20876
tri-2026-09-28T09-13-29-570Z_h2_block19_order2,2026-09-28T09:14:38.131Z,19,2,h2,true,,28,0,0,h2,h2,1,3.899999998509884,22,135.80000000074506,48,118.79999999701977,20718
tri-2026-09-28T09-13-29-570Z_h1_block19_order3,2026-09-28T09:14:39.295Z,19,3,h1,true,,28,0,0,http/1.1,http/1.1,6,3.699999999254942,18.600000001490116,431.69999999925494,48,420.5,23451
tri-2026-09-28T09-13-29-570Z_h2_block20_order1,2026-09-28T09:14:40.162Z,20,1,h2,true,,28,0,0,h2,h2,1,4.199999999254942,20.600000001490116,138.30000000074506,48,116.39999999850988,20718
tri-2026-09-28T09-13-29-570Z_h1_block20_order2,2026-09-28T09:14:41.326Z,20,2,h1,true,,28,0,0,http/1.1,http/1.1,6,3.800000000745058,27.300000000745058,429.4000000022352,36,419.80000000074506,23451
tri-2026-09-28T09-13-29-570Z_h3_block20_order3,2026-09-28T09:14:42.195Z,20,3,h3,true,,28,0,0,h3,h3,1,4.5,32,135.69999999925494,40,117.39999999850988,20876
tri-2026-09-28T09-13-29-570Z_h2_block21_order1,2026-09-28T09:14:43.062Z,21,1,h2,true,,28,0,0,h2,h2,1,4,26.599999997764826,138.5,32,117.10000000149012,20718
tri-2026-09-28T09-13-29-570Z_h1_block21_order2,2026-09-28T09:14:44.217Z,21,2,h1,true,,28,0,0,http/1.1,http/1.1,6,4,27.900000002235174,429.6000000014901,36,419.69999999925494,23451
tri-2026-09-28T09-13-29-570Z_h3_block21_order3,2026-09-28T09:14:45.071Z,21,3,h3,true,,28,0,0,h3,h3,1,4.600000001490116,22.100000001490116,133.19999999925494,48,116.10000000149012,20876
tri-2026-09-28T09-13-29-570Z_h2_block22_order1,2026-09-28T09:14:45.969Z,22,1,h2,true,,28,0,0,h2,h2,1,6.399999998509884,34,144.30000000074506,40,119.80000000074506,20718
tri-2026-09-28T09-13-29-570Z_h1_block22_order2,2026-09-28T09:14:47.130Z,22,2,h1,true,,28,0,0,http/1.1,http/1.1,6,4,29.100000001490116,430.19999999925494,36,419.0999999977648,23451
tri-2026-09-28T09-13-29-570Z_h3_block22_order3,2026-09-28T09:14:47.981Z,22,3,h3,true,,28,0,0,h3,h3,1,4.5,21.699999999254942,132.19999999925494,48,117,20876
tri-2026-09-28T09-13-29-570Z_h1_block23_order1,2026-09-28T09:14:49.144Z,23,1,h1,true,,28,0,0,http/1.1,http/1.1,6,4.5,28.699999999254942,430,36,419.5999999977648,23451
tri-2026-09-28T09-13-29-570Z_h3_block23_order2,2026-09-28T09:14:50.014Z,23,2,h3,true,,28,0,0,h3,h3,1,4.5,25.300000000745058,133.40000000223517,36,116.60000000149012,20876
tri-2026-09-28T09-13-29-570Z_h2_block23_order3,2026-09-28T09:14:50.882Z,23,3,h2,true,,28,0,0,h2,h2,1,4,21,136.5,48,117,20718
tri-2026-09-28T09-13-29-570Z_h3_block24_order1,2026-09-28T09:14:51.750Z,24,1,h3,true,,28,0,0,h3,h3,1,4.600000001490116,25.200000002980232,135,32,118.19999999925494,20876
tri-2026-09-28T09-13-29-570Z_h2_block24_order2,2026-09-28T09:14:52.614Z,24,2,h2,true,,28,0,0,h2,h2,1,3.900000002235174,22.100000001490116,138.40000000223517,48,119.10000000149012,20718
tri-2026-09-28T09-13-29-570Z_h1_block24_order3,2026-09-28T09:14:53.777Z,24,3,h1,true,,28,0,0,http/1.1,http/1.1,6,3.900000002235174,19.100000001490116,433.1000000014901,52,421.8999999985099,23451
tri-2026-09-28T09-13-29-570Z_h1_block25_order1,2026-09-28T09:14:54.939Z,25,1,h1,true,,28,0,0,http/1.1,http/1.1,6,3.899999998509884,19.399999998509884,430.19999999925494,52,421.6000000014901,23451
tri-2026-09-28T09-13-29-570Z_h3_block25_order2,2026-09-28T09:14:55.807Z,25,2,h3,true,,28,0,0,h3,h3,1,5.099999997764826,24,135.69999999925494,52,117.90000000223517,20876
tri-2026-09-28T09-13-29-570Z_h2_block25_order3,2026-09-28T09:14:56.665Z,25,3,h2,true,,28,0,0,h2,h2,1,3.800000000745058,26.300000000745058,135.5,32,116.60000000149012,20718
tri-2026-09-28T09-13-29-570Z_h2_block26_order1,2026-09-28T09:14:57.528Z,26,1,h2,true,,28,0,0,h2,h2,1,4.100000001490116,21.600000001490116,137.20000000298023,44,117.80000000074506,20718
tri-2026-09-28T09-13-29-570Z_h1_block26_order2,2026-09-28T09:14:58.706Z,26,2,h1,true,,28,0,0,http/1.1,http/1.1,6,3.899999998509884,31.5,433,40,424.4000000022352,23451
tri-2026-09-28T09-13-29-570Z_h3_block26_order3,2026-09-28T09:14:59.600Z,26,3,h3,true,,28,0,0,h3,h3,1,7.700000002980232,35.70000000298023,143.5,68,125.39999999850988,20876
tri-2026-09-28T09-13-29-570Z_h2_block27_order1,2026-09-28T09:15:00.475Z,27,1,h2,true,,28,0,0,h2,h2,1,4.099999997764826,31,137.09999999776483,36,118.59999999776483,20718
tri-2026-09-28T09-13-29-570Z_h3_block27_order2,2026-09-28T09:15:01.342Z,27,2,h3,true,,28,0,0,h3,h3,1,5.100000001490116,35.400000002235174,134.5,44,118.60000000149012,20876
tri-2026-09-28T09-13-29-570Z_h1_block27_order3,2026-09-28T09:15:02.505Z,27,3,h1,true,,28,0,0,http/1.1,http/1.1,6,4.199999999254942,28.199999999254942,430.69999999925494,36,421.5,23451
tri-2026-09-28T09-13-29-570Z_h1_block28_order1,2026-09-28T09:15:03.666Z,28,1,h1,true,,28,0,0,http/1.1,http/1.1,6,4.5,30.099999997764826,431.8999999985099,40,420.30000000074506,23451
tri-2026-09-28T09-13-29-570Z_h3_block28_order2,2026-09-28T09:15:04.520Z,28,2,h3,true,,28,0,0,h3,h3,1,4.5,23.5,130.80000000074506,36,117.20000000298023,20876
tri-2026-09-28T09-13-29-570Z_h2_block28_order3,2026-09-28T09:15:05.382Z,28,3,h2,true,,28,0,0,h2,h2,1,4,27,134.69999999925494,32,116.69999999925494,20718
tri-2026-09-28T09-13-29-570Z_h1_block29_order1,2026-09-28T09:15:06.531Z,29,1,h1,true,,28,0,0,http/1.1,http/1.1,6,4,19.399999998509884,430.5999999977648,48,419.69999999925494,23451
tri-2026-09-28T09-13-29-570Z_h2_block29_order2,2026-09-28T09:15:07.396Z,29,2,h2,true,,28,0,0,h2,h2,1,3.800000000745058,21.699999999254942,139.80000000074506,48,117.60000000149012,20718
tri-2026-09-28T09-13-29-570Z_h3_block29_order3,2026-09-28T09:15:08.250Z,29,3,h3,true,,28,0,0,h3,h3,1,4.300000000745058,23.599999997764826,132,36,116.19999999925494,20876
tri-2026-09-28T09-13-29-570Z_h3_block30_order1,2026-09-28T09:15:09.101Z,30,1,h3,true,,28,0,0,h3,h3,1,4.800000000745058,24.200000002980232,130,36,116.20000000298023,20876
tri-2026-09-28T09-13-29-570Z_h1_block30_order2,2026-09-28T09:15:10.259Z,30,2,h1,true,,28,0,0,http/1.1,http/1.1,6,3.7999999970197678,19.199999999254942,432.79999999701977,44,421.69999999925494,23451
tri-2026-09-28T09-13-29-570Z_h2_block30_order3,2026-09-28T09:15:11.112Z,30,3,h2,true,,28,0,0,h2,h2,1,4,28.899999998509884,132.80000000074506,36,116,20718
