condition,metric,n,median,q1,q3,min,max,mean
h1,nav_ttfb_ms,30,6.1000000005587935,5.925000000279397,6.474999999860302,5.5,7.7000000001862645,6.2466666665549075
h1,dom_content_loaded_ms,30,29.200000000186265,27.424999999580905,32.0500000002794,21.399999999441206,40.09999999962747,29.706666666517656
h1,load_ms,30,436.85000000009313,434.8250000006519,439.99999999976717,433.20000000018626,449.5,437.82999999991927
h1,lcp_candidate_ms,30,40,36,48,36,56,42.266666666666666
h1,resource_completion_span_ms,30,424.0500000002794,423.25000000023283,426.82499999995343,421.5,430.5,425.0566666666108
h1,unique_connection_count,30,6,6,6,6,6,6
h1,total_encoded_bytes,30,23306,23306,23306,23306,23306,23306
h2,nav_ttfb_ms,30,6.099999999627471,5.900000000372529,6.2000000001862645,5.599999999627471,7.5,6.126666666660458
h2,dom_content_loaded_ms,30,26.549999999813735,26.12499999976717,26.975000000093132,24.899999999441206,32.5,26.799999999968957
h2,load_ms,30,134.85000000009313,133.67500000051223,136.3499999998603,132.29999999981374,143.3999999994412,135.57666666659836
h2,lcp_candidate_ms,30,32,32,32,32,40,32.53333333333333
h2,resource_completion_span_ms,30,114.24999999953434,113.5999999998603,114.85000000032596,112.1000000005588,118.90000000037253,114.36666666672876
h2,unique_connection_count,30,1,1,1,1,1,1
h2,total_encoded_bytes,30,20573,20573,20573,20573,20573,20573
paired_h2_minus_h1,nav_ttfb_ms,30,-0.14999999990686774,-0.3000000005122274,0.1000000003259629,-1.2999999998137355,1.3999999994412065,-0.11999999989445011
paired_h2_minus_h1,dom_content_loaded_ms,30,-2.75,-5.5499999998137355,-0.14999999944120646,-13.200000000186265,8.200000000186265,-2.9066666665486993
paired_h2_minus_h1,load_ms,30,-301.8000000002794,-304.35000000032596,-298.92499999981374,-314.8999999994412,-291.5000000009313,-302.25333333332094
paired_h2_minus_h1,lcp_candidate_ms,30,-8,-15,-4,-24,-4,-9.733333333333333
paired_h2_minus_h1,resource_completion_span_ms,30,-310.49999999953434,-312.67499999981374,-308.7000000004191,-316.90000000037253,-304.59999999962747,-310.68999999988205
paired_h2_minus_h1,unique_connection_count,30,-5,-5,-5,-5,-5,-5
paired_h2_minus_h1,total_encoded_bytes,30,-2733,-2733,-2733,-2733,-2733,-2733
